path_no,x(m),y(m)
0,4.02224486193e-05,0.000124944530912
1,4.11289548209e-05,0.000127592670211
2,4.20355435238e-05,0.00013024105099
3,4.29422147163e-05,0.000132889673266
4,4.38489683864e-05,0.000135538537057
5,4.47558045222e-05,0.000138187642379
6,4.5662723112e-05,0.000140836989251
7,4.65697241439e-05,0.00014348657769
8,4.74768076059e-05,0.000146136407713
9,4.83839734862e-05,0.000148786479337
10,4.92912217729e-05,0.000151436792581
11,5.01985524541e-05,0.000154087347461
12,5.11059655179e-05,0.000156738143995
13,5.20134609525e-05,0.0001593891822
14,5.29210387459e-05,0.000162040462094
15,5.38286988861e-05,0.000164691983694
16,5.47364413614e-05,0.000167343747017
17,5.56442661597e-05,0.000169995752081
18,5.65521732691e-05,0.000172647998903
19,5.74601626777e-05,0.000175300487501
20,5.83682343737e-05,0.000177953217891
21,5.92763888805e-05,0.000180606191761
22,6.01846265168e-05,0.000183259410326
23,6.10929466778e-05,0.000185912871821
24,6.20013493487e-05,0.000188566576254
25,6.29098348531e-05,0.000191220524649
26,6.38184034453e-05,0.000193874717746
27,6.4727053931e-05,0.000196529151996
28,6.56357864014e-05,0.00019918382786
29,6.65446011817e-05,0.00020183874639
30,6.74534982603e-05,0.000204493907605
31,6.8362477625e-05,0.000207149311523
32,6.92715392635e-05,0.000209804958159
33,7.01806831636e-05,0.000212460847531
34,7.1089909313e-05,0.000215116979656
35,7.19992183125e-05,0.000217773356469
36,7.29086099831e-05,0.000220429977587
37,7.38180840682e-05,0.000223086842282
38,7.47276405554e-05,0.000225743950571
39,7.56372794328e-05,0.000228401302471
40,7.65470006622e-05,0.000231058897994
41,7.74567973494e-05,0.000233716728745
42,7.83666684233e-05,0.000236374800875
43,7.92766142536e-05,0.000239033115572
44,8.01866348287e-05,0.000241691672853
45,8.10967301369e-05,0.000244350472734
46,8.2006900166e-05,0.000247009515231
47,8.29171449043e-05,0.00024966880036
48,8.38274643401e-05,0.000252328328137
49,8.47378584613e-05,0.000254988098578
50,8.56483272729e-05,0.000257648111747
51,8.65588707549e-05,0.000260308367637
52,8.74694888931e-05,0.000262968866254
53,8.83801816757e-05,0.000265629607616
54,8.92909490909e-05,0.000268290591738
55,9.02017875048e-05,0.000270951814032
56,9.11126950101e-05,0.000273613276823
57,9.20236721005e-05,0.000276274981704
58,9.29347187651e-05,0.000278936928692
59,9.38458349922e-05,0.000281599117803
60,9.47570207703e-05,0.000284261549053
61,9.56682760878e-05,0.000286924222456
62,9.65796009332e-05,0.000289587138029
63,9.74909952948e-05,0.000292250295788
64,9.84024591612e-05,0.000294913695747
65,9.93139925208e-05,0.000297577337923
66,0.000100225595362,0.000300241222332
67,0.000101137267682,0.000302905348949
68,0.00010204900951,0.000305569717811
69,0.000102960820836,0.000308234328937
70,0.000103872701648,0.000310899182341
71,0.000104784651935,0.000313564278039
72,0.000105696671685,0.000316229616048
73,0.000106608760886,0.000318895196382
74,0.000107520919526,0.000321561019058
75,0.000108433147595,0.000324227084091
76,0.000109345445081,0.000326893391498
77,0.000110257811972,0.000329559941293
78,0.000111170248256,0.000332226733493
79,0.000112082753479,0.000334893766956
80,0.000112995327727,0.000337561042271
81,0.000113907971068,0.000340228559698
82,0.000114820683489,0.000342896319252
83,0.00011573346498,0.000345564320949
84,0.000116646315528,0.000348232564805
85,0.000117559235122,0.000350901050834
86,0.00011847222375,0.000353569779053
87,0.000119385281401,0.000356238749476
88,0.000120298408062,0.000358907962121
89,0.000121211603723,0.000361577417002
90,0.000122124868372,0.000364247114134
91,0.000123038202371,0.00036691705468
92,0.000123951606337,0.000369587240593
93,0.000124865079585,0.000372257669845
94,0.000125778622099,0.000374928342431
95,0.000126692233868,0.000377599258378
96,0.000127605914973,0.000380270417966
97,0.000128519665404,0.000382941821211
98,0.000129433485103,0.000385613467983
99,0.000130347374059,0.000388285358297
100,0.000131261332258,0.000390957492168
101,0.00013217535969,0.00039362986961
102,0.000133089456341,0.00039630249064
103,0.000134003622202,0.000398975355271
104,0.000134917857258,0.00040164846352
105,0.000135832161499,0.0004043218154
106,0.00013674653563,0.000406995413121
107,0.000137660979367,0.000409669255877
108,0.000138575492506,0.000412343343091
109,0.000139490075033,0.000415017674777
110,0.000140404726938,0.000417692250952
111,0.000141319448209,0.000420367071631
112,0.000142234238139,0.000423042135808
113,0.000143149091605,0.000425717439464
114,0.000144064009002,0.000428392986997
115,0.000144978990354,0.000431068778525
116,0.00014589403565,0.000433744814064
117,0.000146809144877,0.000436421093628
118,0.000147724318023,0.00043909761723
119,0.000148639555078,0.000441774384887
120,0.00014955485603,0.000444451396612
121,0.000150470220867,0.00044712865242
122,0.000151385649578,0.000449806152326
123,0.000152301142152,0.000452483896344
124,0.000153216698576,0.000455161884491
125,0.000154132318839,0.000457840116779
126,0.000155048002931,0.000460518593225
127,0.000155963750094,0.000463197312803
128,0.000156879557117,0.000465876273629
129,0.00015779542437,0.000468555478279
130,0.000158711351851,0.000471234926801
131,0.000159627339549,0.00047391461921
132,0.000160543387453,0.000476594555518
133,0.00016145949555,0.000479274735741
134,0.000162375663831,0.000481955159893
135,0.000163291892284,0.000484635827988
136,0.000164208180897,0.000487316740042
137,0.000165124529659,0.000489997896068
138,0.00016604093856,0.000492679296081
139,0.000166957407587,0.000495360940096
140,0.00016787393673,0.000498042828127
141,0.000168790525977,0.000500724960189
142,0.000169707175318,0.000503407336296
143,0.00017062388474,0.000506089956463
144,0.000171540654233,0.000508772820705
145,0.000172457483785,0.000511455929035
146,0.000173374373385,0.00051413928147
147,0.000174291323022,0.000516822878022
148,0.000175208332684,0.000519506718707
149,0.000176125402361,0.000522190803539
150,0.00017704253204,0.000524875132533
151,0.000177959721712,0.000527559705704
152,0.000178876971363,0.000530244523065
153,0.00327609723233,0.000543417947731
154,0.015049218104,0.000585224793804
155,0.0340772145549,0.000651422933458
156,0.0558748297756,0.000768334640733
157,0.0805420262631,0.00117003588223
158,0.106244396782,0.00236427434706
159,0.131151333725,0.00439369550723
160,0.156248272115,0.00729975648854
161,0.181877959765,0.0110521328424
162,0.20715517983,0.01564313951
163,0.232290888158,0.0210373531421
164,0.257379242715,0.0271112502407
165,0.282344708292,0.0338307016487
166,0.306948113658,0.0412542052116
167,0.331274995938,0.0492962034161
168,0.355724609088,0.0578070982253
169,0.380134010914,0.0667224344355
170,0.40434340935,0.0759561383851
171,0.428410552393,0.0853921679574
172,0.452509262563,0.0950557419683
173,0.47659172377,0.10492773681
174,0.500464130153,0.114983435959
175,0.524218606722,0.125190159789
176,0.548036131523,0.135574650557
177,0.571876569831,0.146064358332
178,0.595620318445,0.156531408271
179,0.618070530072,0.166399850962
180,0.640672065315,0.176301863549
181,0.663815405663,0.18645406096
182,0.686715697893,0.196492197869
183,0.709129270525,0.206364910487
184,0.732291105794,0.216581052966
185,0.756131184942,0.227105173514
186,0.779283683351,0.237327014987
187,0.80210499808,0.247338262789
188,0.825977904817,0.257682999231
189,0.850003596566,0.267917981709
190,0.874040406225,0.277985959852
191,0.898008906808,0.287842005139
192,0.921199209141,0.297238313624
193,0.945097499535,0.306869288461
194,0.968690481818,0.31629165126
195,0.991493535453,0.325350158265
196,1.01510559689,0.334602231219
197,1.03948194438,0.343977604507
198,1.06393283509,0.353169687817
199,1.08825957468,0.362119383522
200,1.11178267023,0.370614612935
201,1.13606341967,0.379289096772
202,1.16015862141,0.38774957278
203,1.1833947732,0.395815037714
204,1.20763377564,0.404144125235
205,1.23144852808,0.412255520528
206,1.25482591237,0.42017808632
207,1.27760279291,0.427914671112
208,1.30122650672,0.435900899132
209,1.32599169304,0.444115524997
210,1.35015068303,0.451895236241
211,1.37371326771,0.459255224255
212,1.39816871262,0.466698969469
213,1.42318114474,0.474128332662
214,1.44828162129,0.481335656883
215,1.47332775498,0.488293983631
216,1.49843952764,0.495028126232
217,1.52370426251,0.501568853187
218,1.54900101195,0.507881322551
219,1.57428563445,0.513999456411
220,1.59956488379,0.519986235634
221,1.62497804968,0.525837888013
222,1.65036603458,0.531512598798
223,1.67580185709,0.537043641041
224,1.70123982579,0.542417108938
225,1.7267899328,0.54762831228
226,1.75229949828,0.552667229341
227,1.77787613392,0.557571568078
228,1.80345663133,0.562326598387
229,1.82911776103,0.566907200192
230,1.85469821692,0.571304957107
231,1.88042062421,0.575537035914
232,1.90614442691,0.579577666102
233,1.93192286208,0.583407874715
234,1.95764694375,0.587033709794
235,1.98349194188,0.590499634179
236,2.00936001884,0.593780405042
237,2.03520262938,0.59684286977
238,2.06101509581,0.599719242656
239,2.08694920879,0.602445538332
240,2.11291822658,0.605005797561
241,2.13878739163,0.607355315113
242,2.16468006501,0.609531588945
243,2.19068722238,0.611545639217
244,2.21673970598,0.61339760045
245,2.24262944128,0.615081582791
246,2.26855550643,0.616635964429
247,2.29458614115,0.618074419112
248,2.32068235692,0.619386097216
249,2.34660212934,0.62054563203
250,2.3725496427,0.621574620538
251,2.39860756685,0.62248848486
252,2.4247226463,0.623282999878
253,2.45064979095,0.623977943885
254,2.47660630966,0.624576362732
255,2.50266369412,0.625089396145
256,2.52877804438,0.625517550471
257,2.55470135144,0.625881316375
258,2.5806569656,0.626181520125
259,2.60671702991,0.626425302926
260,2.63283257952,0.626585384807
261,2.65875837383,0.626695295455
262,2.68471723796,0.62675387623
263,2.71036029771,0.626755305462
264,2.73642351415,0.62683357819
265,2.76229733187,0.627068902439
266,2.78711508603,0.627412859158
267,2.81179833563,0.627875011246
268,2.83751701309,0.628487610228
269,2.86340144418,0.629224148195
270,2.88929419407,0.630060824756
271,2.91529496,0.630988225239
272,2.94135610895,0.631980599736
273,2.96724103676,0.633003386625
274,2.99315616267,0.634039785806
275,3.01916967451,0.635082442749
276,3.04524417957,0.636117107143
277,3.07114299719,0.637131079752
278,3.09706367286,0.638132866752
279,3.1230851423,0.639132222983
280,3.14916576447,0.640104972155
281,3.17506901058,0.641058911557
282,3.20099960968,0.641990609092
283,3.22702671462,0.642895668497
284,3.25311034241,0.643777086137
285,3.27899853827,0.644637852426
286,3.30493388614,0.645462564859
287,3.33096486622,0.646261155673
288,3.35705148586,0.64703620864
289,3.38293632722,0.647794378144
290,3.40887657401,0.648518611068
291,3.43491157494,0.649217934705
292,3.46100042343,0.649893640451
293,3.48688786141,0.650556749671
294,3.51283239631,0.651187723825
295,3.53887377487,0.651790973818
296,3.56497201939,0.652353924465
297,3.59089101399,0.652897618777
298,3.6168353623,0.653432836469
299,3.64287471261,0.653958637756
300,3.66897259532,0.654457937552
301,3.69488190912,0.654936520266
302,3.72082987419,0.655393261936
303,3.74687024823,0.655842862142
304,3.77296805941,0.656270412579
305,3.79887746169,0.656682540423
306,3.82482739259,0.657076757805
307,3.85087788863,0.657452681845
308,3.87698091267,0.657778318048
309,3.90289279168,0.658085374664
310,3.9288463485,0.658375255271
311,3.95489530818,0.658648748318
312,3.98099582252,0.658886122578
313,4.0069045051,0.659105873602
314,4.03286011839,0.659298200903
315,4.05890970342,0.659479555533
316,4.08500791877,0.65963028714
317,4.11091645025,0.659770204512
318,4.13687333834,0.659885142033
319,4.16292528792,0.659989070857
320,4.18902191987,0.660060917865
321,4.21493039794,0.660125866558
322,4.24088835065,0.66016830653
323,4.2669400402,0.660202682679
324,4.29302615684,0.660221313341
325,4.31892646016,0.660257367338
326,4.3448858682,0.660285271821
327,4.37094115918,0.660294013633
328,4.39702360591,0.660279118883
329,4.42292305857,0.660275968629
330,4.44888453095,0.660260788264
331,4.47494174374,0.660224434343
332,4.50103094381,0.660153889779
333,4.52693348994,0.660091178238
334,4.55289450579,0.660021588522
335,4.57894596835,0.659950093207
336,4.60502366966,0.659866828921
337,4.63092272913,0.659793480202
338,4.65688376779,0.659715183985
339,4.68293627106,0.659634900911
340,4.70901262566,0.659543281317
341,4.73491055215,0.659461209127
342,4.7608724856,0.65937409073
343,4.78692622212,0.659284912699
344,4.81300129697,0.659184554926
345,4.83889831454,0.659093631944
346,4.86486128652,0.658997637666
347,4.89091601724,0.658899489242
348,4.91698965116,0.65879015499
349,4.94288586062,0.658690179274
350,4.9688500502,0.658585122496
351,4.9949059427,0.658477831757
352,5.02097805769,0.658359342619
353,5.04687341385,0.658250155892
354,5.07283860465,0.658135853476
355,5.09889548333,0.658019217186
356,5.12496598595,0.657891410225
357,5.15086041111,0.657773019203
358,5.17682689395,0.657649344022
359,5.20288489949,0.657523253627
360,5.22895368287,0.657385998651
361,5.25476522096,0.657293452915
362,5.2806916564,0.657332583257
363,5.30672779616,0.657498742952
364,5.3327658738,0.657779829351
365,5.35863360159,0.658189138227
366,5.38458880422,0.658666158304
367,5.41065450821,0.65911868992
368,5.43674610004,0.65952360839
369,5.46263465473,0.659898092695
370,5.48860748508,0.660227375248
371,5.51467677308,0.660527691557
372,5.5407250615,0.660821413944
373,5.56660382225,0.66119286043
374,5.59255096515,0.661639574353
375,5.61859626921,0.662160291711
376,5.64466988395,0.662727340235
377,5.67054797265,0.663287670477
378,5.6964963116,0.663857494785
379,5.72253853427,0.664500694036
380,5.74858766012,0.665213063355
381,5.7744354403,0.665996785054
382,5.80037737523,0.666842341464
383,5.82643773865,0.667716775838
384,5.85251772213,0.66852611417
385,5.87841036097,0.669254973699
386,5.90438828643,0.669907164286
387,5.93046626083,0.670496715291
388,5.95581233773,0.671016947811
389,5.98117319643,0.67153163717
390,6.00713740665,0.672063236321
391,6.03320988651,0.672539765054
392,6.05929935171,0.672954142663
393,6.08517939799,0.673342851586
394,6.1111551699,0.673666466539
395,6.13720692797,0.67397756504
396,6.16326508802,0.674341965129
397,6.18912598437,0.674787685987
398,6.21509010868,0.675260007741
399,6.24116232467,0.675698411466
400,6.26725071246,0.676076189684
401,6.29314077914,0.676422830603
402,6.31912169986,0.676702769552
403,6.34519849023,0.676926812251
404,6.3712781654,0.677094202649
405,6.39717241309,0.677248117695
406,6.42315526932,0.677337715442
407,6.44923357379,0.677374541051
408,6.47530379744,0.677358909434
409,6.50120908887,0.677339508108
410,6.52718665443,0.677284515433
411,6.5532688826,0.677198623233
412,6.5793345388,0.677060732281
413,6.60523417259,0.676909457861
414,6.63121511228,0.676720246224
415,6.65729517059,0.676489608374
416,6.68335583712,0.67621784791
417,6.70924678467,0.675938075888
418,6.73522536793,0.675635466082
419,6.76130157661,0.675299292224
420,6.78736367164,0.674916910682
421,6.81324292179,0.674514844398
422,6.83922040534,0.674095931171
423,6.86528632762,0.673658019288
424,6.89132260239,0.673227720326
425,6.91720436264,0.672839347312
426,6.94317737804,0.672464133706
427,6.96923865141,0.672106553393
428,6.99527290881,0.671780926025
429,7.02115023033,0.671503176862
430,7.04712505209,0.671251375718
431,7.07319170153,0.671011625797
432,7.09923171034,0.670774881043
433,7.1251241886,0.670545200312
434,7.15110456071,0.670310832404
435,7.17717520728,0.670072375345
436,7.20321895217,0.669819780588
437,7.22911684804,0.669549856492
438,7.25509228022,0.669273880718
439,7.28115710951,0.669030245033
440,7.30718201046,0.668821613866
441,7.33307151279,0.668652444382
442,7.35905661501,0.668483427342
443,7.38513200599,0.66829153945
444,7.41115575084,0.668100246951
445,7.43704805471,0.667943690541
446,7.46303518768,0.667783420305
447,7.48911301459,0.66760099182
448,7.51514074421,0.667401994242
449,7.54104047047,0.667202368933
450,7.56702576993,0.666999426961
451,7.59310634481,0.66678452077
452,7.61912240922,0.666556105455
453,7.64501704119,0.666350483632
454,7.67100304759,0.666153997346
455,7.69707980797,0.665950566902
456,7.72309941794,0.665737638787
457,7.7490020021,0.665525426443
458,7.77498950047,0.665310273016
459,7.80106607489,0.66509090521
460,7.8270809484,0.664866265798
461,7.8529847924,0.66464448776
462,7.87897347407,0.664419973924
463,7.90505561628,0.664184871223
464,7.93106257292,0.663933522784
465,7.95696779865,0.663684264414
466,7.98295726265,0.663432245401
467,8.0090352821,0.663175705887
468,8.03504256791,0.662914885872
469,8.06094930577,0.662656229428
470,8.08693997627,0.662394977725
471,8.11301881173,0.662129114614
472,8.13902230259,0.661859272048
473,8.16493120833,0.661591446776
474,8.19092284376,0.661321114397
475,8.21700234947,0.661046064802
476,8.24300221747,0.660767311366
477,8.26891245484,0.660490327782
478,8.29490526421,0.66021090793
479,8.32099152178,0.659918860862
480,8.34699489918,0.659601613913
481,8.37290657624,0.659269109992
482,8.39889429233,0.658943493693
483,8.42496769003,0.658649381646
484,8.45096562477,0.65838583543
485,8.47687347589,0.658140267006
486,8.50286613205,0.657909016326
487,8.52894825405,0.657684869757
488,8.55493903555,0.657457157664
489,8.58085327884,0.657230876428
490,8.60684984141,0.657002503094
491,8.63293287957,0.656769514626
492,8.6589164322,0.656538452663
493,8.68482698484,0.65633073799
494,8.71082093584,0.65614202422
495,8.73689964696,0.655974530427
496,8.76288628952,0.655820875881
497,8.7888032545,0.655666364628
498,8.81480248111,0.655510152599
499,8.84088752057,0.655349703272
500,8.86687195538,0.655184233417
501,8.89278974829,0.655020330838
502,8.91878836597,0.65485932687
503,8.94486969046,0.654710275456
504,8.97084691298,0.654582114154
505,8.99675397768,0.654492539746
506,9.02275400309,0.654425254519
507,9.04884051073,0.654354531837
508,9.07482181997,0.654278444733
509,9.10074036523,0.654203869597
510,9.12674343653,0.65412861868
511,9.1528306409,0.654049457691
512,9.17880987161,0.653965065382
513,9.20472875278,0.6538821023
514,9.23073284953,0.653798357978
515,9.25682053296,0.653710596288
516,9.28279773485,0.653617577326
517,9.30871700375,0.653525923626
518,9.33472231132,0.653433436649
519,9.36081055704,0.653336846566
520,9.38678580355,0.653234906148
521,9.41270521208,0.653134316224
522,9.43871151688,0.653032820075
523,9.46479623366,0.652933019864
524,9.4907645344,0.652848097821
525,9.51668291138,0.652776949883
526,9.54141977121,0.652700578055
527,9.5661893669,0.652611880224
528,9.59133694707,0.652514033281
529,9.61722676378,0.652358948063
530,9.64324181951,0.652108232687
531,9.66935305559,0.651768159776
532,9.6954011325,0.651371478613
533,9.72129783954,0.651009913963
534,9.74728742622,0.650698112546
535,9.77339457782,0.650377012269
536,9.79940862588,0.649977991583
537,9.82533181088,0.649517378078
538,9.85134407304,0.64898233782
539,9.87743813971,0.648365958569
540,9.90348386153,0.64772949984
541,9.92937738,0.64714974983
542,9.95535817107,0.646628498466
543,9.98142781064,0.646175884638
544,10.007388143,0.645798019386
545,10.0332875817,0.64547837708
546,10.0592754691,0.645215108361
547,10.0853492608,0.645015507631
548,10.1113132041,0.644897191618
549,10.1372122693,0.644861039162
550,10.1632036786,0.644879812261
551,10.1892786833,0.644960543163
552,10.2152614894,0.645102504861
553,10.2411631957,0.645291112196
554,10.267161348,0.645518728479
555,10.2932455445,0.645768593704
556,10.319205815,0.646049118537
557,10.3451179884,0.646365932212
558,10.3711217561,0.646685889937
559,10.3972114715,0.647005257091
560,10.4231800345,0.647323024288
561,10.449097039,0.647654193564
562,10.4751024356,0.647985781219
563,10.5011925084,0.648312709633
564,10.5271595455,0.648637771774
565,10.5530768944,0.648976180291
566,10.5790833904,0.649315116467
567,10.6051791968,0.649643178127
568,10.6311306892,0.649956078085
569,10.6570484104,0.650282061301
570,10.6830554395,0.650610076029
571,10.7091498183,0.650932929976
572,10.7351255565,0.651240526967
573,10.7610489898,0.651540119513
574,10.787058222,0.651829403452
575,10.8131500712,0.652117073142
576,10.839112677,0.65240460019
577,10.8650348808,0.652697327795
578,10.8910484279,0.652973973822
579,10.9171462849,0.653229808871
580,10.9431048638,0.653472672698
581,10.9690237159,0.653726703815
582,10.995035299,0.653982815676
583,11.0211338338,0.65423050309
584,11.0471007483,0.654459688874
585,11.0730217007,0.654687215327
586,11.0990369632,0.654911759885
587,11.1251367642,0.655117114333
588,11.1510971293,0.655307124446
589,11.1770179861,0.655507794927
590,11.203032446,0.655710249878
591,11.2291322696,0.655903538076
592,11.2550862698,0.656092933239
593,11.2810041783,0.656318511739
594,11.3070197964,0.656548250359
595,11.3331197849,0.656768824106
596,11.3590791438,0.656972517245
597,11.3850032391,0.657174007038
598,11.4110201352,0.657376970548
599,11.4371205363,0.657570343425
600,11.4630777936,0.657747020519
601,11.489003162,0.657921826863
602,11.5150213676,0.658097840184
603,11.5411220998,0.658263812286
604,11.5670777455,0.658413741276
605,11.593004575,0.658561421167
606,11.6190251527,0.658708321027
607,11.645126293,0.658840576619
608,11.6710813416,0.658956123446
609,11.6970096805,0.659065898559
610,11.7230316016,0.659174461917
611,11.749132963,0.659267417971
612,11.7750863431,0.659344314365
613,11.8010162534,0.659414975106
614,11.8270388333,0.659485474479
615,11.8531399672,0.659542963687
616,11.8790915041,0.659586791454
617,11.9050225184,0.659627125729
618,11.9310457661,0.659667867732
619,11.9571465157,0.659696756648
620,11.9830951105,0.659713711721
621,12.0090310574,0.659718152721
622,12.0350557552,0.659710782572
623,12.0611476363,0.659695666605
624,12.0870924672,0.659676807123
625,12.1130266836,0.659650295202
626,12.1390518958,0.659620860501
627,12.1651437173,0.659583912523
628,12.1910811905,0.659547996609
629,12.2170161185,0.659511406559
630,12.2430425224,0.659473599722
631,12.2691344707,0.659428497809
632,12.2950700716,0.65938480487
633,12.3210058158,0.659339985403
634,12.3470332204,0.659294099806
635,12.3731250619,0.659240901409
636,12.3990584843,0.659189438712
637,12.4249953987,0.659136560565
638,12.451024008,0.65908263137
639,12.4771157045,0.659021243974
640,12.5030468786,0.658961908981
641,12.5289846526,0.658900833164
642,12.5550142992,0.658838614443
643,12.5811057306,0.658768743294
644,12.6070348577,0.658701189483
645,12.6329737687,0.658631707856
646,12.6590046273,0.658560992136
647,12.6850957935,0.658482413239
648,12.7110227701,0.658406447329
649,12.736962674,0.658328384407
650,12.7629945427,0.658248978897
651,12.7890853323,0.658161467856
652,12.8150103263,0.658076936224
653,12.8409514114,0.657990112507
654,12.8669844757,0.657901852201
655,12.8930749024,0.657805260411
656,12.9189979342,0.657711945813
657,12.9449399498,0.657616168253
658,12.9709740215,0.65751884745
659,12.9970639904,0.657412959395
660,13.0229848915,0.657310796702
661,13.0489280721,0.657205892716
662,13.0749633315,0.657099360624
663,13.1010528449,0.656984031288
664,13.1269712272,0.656873049524
665,13.1529154081,0.656758813551
666,13.1789516573,0.656642855309
667,13.2050406195,0.656517848018
668,13.2309572811,0.656397570339
669,13.256902559,0.656273867818
670,13.2829399921,0.656148358391
671,13.3090284146,0.656013573241
672,13.3349427777,0.655884047751
673,13.360889052,0.655750805159
674,13.3869274659,0.655615664845
675,13.4130152473,0.655471006756
676,13.4389279904,0.655332254723
677,13.4648754744,0.655189544317
678,13.4909150483,0.655044857348
679,13.5170021986,0.654890449141
680,13.5429140639,0.654742434702
681,13.5688624527,0.654590406261
682,13.5949030119,0.654436303665
683,13.6209848391,0.654278640563
684,13.6468890314,0.654147903563
685,13.6728302145,0.654039916146
686,13.698870776,0.653956041409
687,13.7249566741,0.653863109525
688,13.7508665255,0.653776663757
689,13.7768174332,0.653686552012
690,13.8028604645,0.653594704906
691,13.8289455936,0.653492608407
692,13.854853962,0.653397477046
693,13.8808060721,0.653298365393
694,13.9068502822,0.653197449661
695,13.9329346209,0.653086110988
696,13.9588414274,0.652982289522
697,13.9847912839,0.652880523014
698,14.0108328859,0.652795801277
699,14.0369077033,0.652731038724
700,14.0628118742,0.6527031989
701,14.0887664699,0.652671638678
702,14.1148129024,0.652638291654
703,14.1408951243,0.652593739498
704,14.1667996835,0.652558808006
705,14.1927551583,0.652519462215
706,14.2188026457,0.652478416698
707,14.2448840147,0.652426179742
708,14.2707875495,0.652383716195
709,14.2967442811,0.652336690571
710,14.3227929647,0.652288007416
711,14.3488638027,0.652246813303
712,14.3747476354,0.652277529389
713,14.4006844153,0.652372013615
714,14.4267208656,0.652540391111
715,14.4527838017,0.652775683026
716,14.4786662007,0.653079383265
717,14.5046037199,0.65344410762
718,14.5306449054,0.653867026004
719,14.5567222293,0.65432074533
720,14.5825912619,0.654839328986
721,14.6085260526,0.65541703352
722,14.6345630986,0.656048210553
723,14.6606436755,0.656701922478
724,14.6865233692,0.657368836451
725,14.7124743161,0.658038041968
726,14.7385338502,0.658691950806
727,14.7646348518,0.659277894927
728,14.7905320781,0.65982427666
729,14.81649467,0.660334189569
730,14.8425593959,0.660802945768
731,14.8686608262,0.661205380328
732,14.8945576663,0.661577743242
733,14.920523395,0.661919062746
734,14.9465923678,0.662223428858
735,14.9726910846,0.662460224008
736,14.9985892356,0.662676819043
737,15.0245573598,0.662861374666
738,15.0506175339,0.663028736176
739,15.0766990034,0.663173182613
740,15.1025845812,0.663336023141
741,15.1285546824,0.663467581622
742,15.1546165824,0.663579153446
743,15.1806724749,0.663711109343
744,15.2065373127,0.663965338448
745,15.2324754831,0.664314925906
746,15.2585170473,0.66474926806
747,15.2845803829,0.665250567235
748,15.3104268671,0.665851384053
749,15.3363467202,0.66655112978
750,15.362367409,0.667384566257
751,15.3881645449,0.668315863929
752,15.414060096,0.66921994208
753,15.4400112083,0.670069802862
754,15.46605151,0.670931704688
755,15.4921125162,0.671807915994
756,15.517966702,0.67272935056
757,15.5439100268,0.673683488492
758,15.5699515286,0.674646603385
759,15.5960164396,0.675602180584
760,15.6218798307,0.676568275883
761,15.6478278695,0.677537587054
762,15.6738700513,0.678511564637
763,15.6999385112,0.679472050979
764,15.7258063473,0.680424706625
765,15.7517600887,0.681362275971
766,15.7778059799,0.682292214588
767,15.8038690077,0.683213405067
768,15.8297287657,0.684141104776
769,15.8556842617,0.685055237211
770,15.8817657093,0.685923015267
771,15.9078707579,0.686657588393
772,15.9328892479,0.687284306403
773,15.9586190175,0.687908712693
774,15.984668824,0.688562656753
775,16.0107376994,0.689213225622
776,16.0366030909,0.689890489677
777,16.0625628024,0.69056771636
778,16.0886162576,0.69124743794
779,16.1146908001,0.691909393504
780,16.1405650098,0.692574378877
781,16.1665274956,0.693225818771
782,16.1925827361,0.693879440796
783,16.2186504216,0.694521338903
784,16.2444638215,0.695148482032
785,16.2704595781,0.695643860644
786,16.2958668596,0.696007820685
787,16.3201358711,0.69624353643
788,16.3446788466,0.696486536906
789,16.3706655983,0.696672306471
790,16.3967606685,0.696729858942
791,16.4228598927,0.69665621015
792,16.4487991167,0.696508376712
793,16.4747762827,0.696261788708
794,16.5008549712,0.695932195807
795,16.526943257,0.695522881614
796,16.5528456183,0.695068733305
797,16.578816427,0.694536201465
798,16.6048801412,0.693931481369
799,16.6304002424,0.69327623092
800,16.6556373294,0.692542931439
801,16.6815928923,0.691715288593
802,16.7076435761,0.690832598765
803,16.7336926162,0.689909992965
804,16.7595542221,0.688973536472
805,16.7854985606,0.688004319268
806,16.8115364729,0.687020496725
807,16.8375685069,0.686031763279
808,16.8634317992,0.685059089813
809,16.889375805,0.684070261427
810,16.9154128363,0.683071745649
811,16.9414430631,0.682072166941
812,16.9673061612,0.681088467122
813,16.9932510078,0.680088700346
814,17.0192865906,0.679083560074
815,17.0453115413,0.67809306293
816,17.0711597298,0.677140113924
817,17.0971059695,0.676192543405
818,17.1231413783,0.675253133572
819,17.1491723035,0.674352274145
820,17.1750371724,0.67349116528
821,17.2009872733,0.672631514606
822,17.2270288234,0.671778576312
823,17.2530591844,0.670952740861
824,17.2789154983,0.670176580338
825,17.3048690845,0.669417016765
826,17.3309120631,0.668672948087
827,17.3569494145,0.667975112148
828,17.382820536,0.667323814064
829,17.4087788732,0.666682536218
830,17.4348271584,0.666056307456
831,17.4608646192,0.665474454283
832,17.4867445768,0.66494561363
833,17.5127050114,0.66442736411
834,17.5387574734,0.663932661243
835,17.5647985765,0.663479746676
836,17.5906698905,0.663083822137
837,17.6166343521,0.662714741917
838,17.6426961891,0.662356386627
839,17.6687505902,0.66199461297
840,17.694635879,0.661642772044
841,17.7206075401,0.661282050095
842,17.746670833,0.660916080542
843,17.7727167967,0.660552660899
844,17.7985973609,0.660217110147
845,17.8245631252,0.659899564809
846,17.8506222093,0.659614548695
847,17.8766648291,0.659364202207
848,17.9025529888,0.659148351437
849,17.9285292702,0.658927030213
850,17.9545962593,0.658701278816
851,17.9806467287,0.658469930265
852,18.0065352135,0.658245852551
853,18.0325126171,0.658015830967
854,18.0585806184,0.657781295721
855,18.0846281305,0.657541820617
856,18.1105168606,0.657308762671
857,18.1364952331,0.65707001723
858,18.1625611965,0.656831669344
859,18.1885997828,0.656606774787
860,18.2144747408,0.656412419005
861,18.2404476201,0.656248499063
862,18.2665173201,0.656105486718
863,18.2925590636,0.65595803282
864,18.3184513924,0.655815961531
865,18.3444328541,0.655669427908
866,18.3705044205,0.655518773841
867,18.3965426538,0.655362558302
868,18.4224362852,0.655211223371
869,18.4484190053,0.655055766018
870,18.4744915628,0.654896099207
871,18.5005262402,0.65473134153
872,18.5264125826,0.654576791937
873,18.5523935164,0.65443595122
874,18.5784610241,0.654312000653
875,18.6040682327,0.654187616807
876,18.6286778103,0.654067797778
877,18.6544497036,0.653928743841
878,18.6805149145,0.653784227547
879,18.7065575521,0.653651714507
880,18.7324310599,0.653552480888
881,18.7584029952,0.653485013569
882,18.7844715354,0.653437145943
883,18.8105171298,0.653381570284
884,18.8364119087,0.653335139892
885,18.8623920794,0.65328346831
886,18.88846267,0.653228366372
887,18.9145050242,0.653164883854
888,18.9404005534,0.653109577675
889,18.9663817803,0.653049439663
890,18.9924533153,0.652985818058
891,19.0184922488,0.652914356055
892,19.0443888608,0.652850061629
893,19.0703713617,0.652781347512
894,19.096443957,0.652709075763
895,19.1224793614,0.652629568903
896,19.1483771254,0.652556180679
897,19.1743606841,0.652478771873
898,19.2004341657,0.652397705336
899,19.2264658447,0.652309890908
900,19.2523595644,0.652233568301
901,19.278340876,0.652172631223
902,19.3044091352,0.652132046705
903,19.3304427921,0.652111571831
904,19.3563444186,0.652100714429
905,19.3823306685,0.652086264621
906,19.4084055722,0.652067164327
907,19.4344310567,0.652039700213
908,19.4603344782,0.652020408521
909,19.4863218837,0.651996340776
910,19.5123979997,0.651967774071
911,19.5384198973,0.651931636118
912,19.5643242543,0.651902553815
913,19.5903125214,0.651869338706
914,19.6163896584,0.651832014334
915,19.6424575839,0.651753827401
916,19.6683846921,0.651591328826
917,19.6943753908,0.651357138689
918,19.7204762586,0.651085960998
919,19.7464999885,0.650738245644
920,19.7724184873,0.650335967732
921,19.7984188951,0.649862434117
922,19.8245171985,0.649302097984
923,19.8505468697,0.64866887342
924,19.8764454099,0.647974190489
925,19.9024388775,0.647207656792
926,19.9285186611,0.646368453229
927,19.9545232679,0.645489306302
928,19.980399832,0.644562530156
929,20.006377729,0.643599422443
930,20.0324386185,0.642605386721
931,20.0584261213,0.641610914961
932,20.0842961346,0.64060916474
933,20.1102726124,0.639589707278
934,20.1363258498,0.638549431879
935,20.1622847399,0.637533777468
936,20.1881556761,0.636506336104
937,20.2141288728,0.635462781962
938,20.2401836919,0.634409380013
939,20.2661562394,0.633368553366
940,20.2920274802,0.632325393098
941,20.3180015212,0.631271487819
942,20.3440564095,0.630207682823
943,20.3700352551,0.629159704829
944,20.3959038236,0.628128307713
945,20.4218731964,0.627111587203
946,20.4479262637,0.626122179775
947,20.4738743234,0.625180573952
948,20.4997515591,0.624248758396
949,20.5257277126,0.623325950533
950,20.551786077,0.622423403491
951,20.5777617516,0.621567136358
952,20.603642309,0.620758139439
953,20.6296208535,0.61998423935
954,20.6556873035,0.619239679395
955,20.6816549095,0.618527259919
956,20.7075490962,0.617834566718
957,20.7335399008,0.617147696705
958,20.7596154943,0.616450583006
959,20.7855481118,0.615734514223
960,20.8114481746,0.614934022246
961,20.8374401129,0.614100990656
962,20.8635331289,0.613210676894
963,20.8895209511,0.612239641573
964,20.9154182018,0.61117948978
965,20.9414086914,0.610040773379
966,20.9674779987,0.608829256174
967,20.9934390267,0.607579615786
968,21.0193094386,0.606283178196
969,21.0452833781,0.604942550187
970,21.0713301755,0.603564273627
971,21.0972675558,0.6021824128
972,21.1231218998,0.600779405744
973,21.1490880438,0.599357898381
974,21.1751242797,0.597922966126
975,21.2010511874,0.59650694905
976,21.226910044,0.595086779007
977,21.252876295,0.593652499851
978,21.2789096934,0.592210860223
979,21.3048306124,0.590803031705
980,21.3306870228,0.589412184977
981,21.3566513769,0.588037072372
982,21.3826868847,0.586686751063
983,21.4086010628,0.585404291662
984,21.4344599512,0.58417256462
985,21.4604311924,0.58298501966
986,21.4864795718,0.581829840357
987,21.5124026813,0.580741056857
988,21.5382817455,0.579706998498
989,21.5642596317,0.578720861863
990,21.5903081333,0.577814812082
991,21.6161314534,0.577063084807
992,21.6420352395,0.576329205966
993,21.6680355217,0.575593407236
994,21.694112127,0.574848970783
995,21.720054918,0.574116267127
996,21.7459250262,0.573426174192
997,21.7718926792,0.57287294112
998,21.7979601849,0.572450328166
999,21.8238928541,0.572164221604
1000,21.8497816697,0.571997218973
1001,21.8757733919,0.571925147042
1002,21.9018468442,0.571949683003
1003,21.9278024304,0.572083923485
1004,21.9536956956,0.572304565217
1005,21.9796943889,0.572608412293
1006,22.0057692382,0.572975300238
1007,22.031704932,0.573404487794
1008,22.0575598944,0.573947192722
1009,22.0834966759,0.574715702043
1010,22.1095273506,0.575703627825
1011,22.135386921,0.576885672865
1012,22.1612277657,0.578239933475
1013,22.1871658935,0.579736221975
1014,22.2131795513,0.581350217216
1015,22.2387949763,0.582990145344
1016,22.2642945757,0.584639300599
1017,22.2902359968,0.586376121944
1018,22.3162399671,0.588173851581
1019,22.3421188847,0.590017930774
1020,22.3672955424,0.591820627599
1021,22.3930086426,0.593676055636
1022,22.419293985,0.595618106712
1023,22.4452213068,0.597679030746
1024,22.471066968,0.599737768307
1025,22.4970060411,0.601794368098
1026,22.5230102426,0.6038339247
1027,22.5481999173,0.605796337955
1028,22.5727031433,0.607763281561
1029,22.5984375565,0.609925239566
1030,22.6244056419,0.612170110634
1031,22.6502691145,0.614436912139
1032,22.6760593387,0.6167204319
1033,22.7019660628,0.619019539829
1034,22.7279520628,0.621307581393
1035,22.7538379558,0.6235252559
1036,22.77966378,0.625686954667
1037,22.8056028268,0.627812305874
1038,22.8316277634,0.629863673488
1039,22.8575344148,0.631809184313
1040,22.8833983537,0.633669127901
1041,22.9093670229,0.635467290499
1042,22.9354197399,0.637186786834
1043,22.9613467874,0.638809854387
1044,22.9872406615,0.640344007674
1045,23.013225707,0.641823600429
1046,23.0393021531,0.643238659211
1047,23.0652369462,0.644568918172
1048,23.0911464091,0.645827088786
1049,23.1171487919,0.647028453254
1050,23.1432423374,0.648159898138
1051,23.1691987872,0.649205578293
1052,23.195119199,0.65017704441
1053,23.2211351854,0.651092110851
1054,23.2472298317,0.651948638927
1055,23.273178552,0.652762947514
1056,23.2991034516,0.653534401031
1057,23.3251246784,0.654253252916
1058,23.3512248745,0.654918907344
1059,23.377175541,0.655547336398
1060,23.4031056341,0.656139043314
1061,23.4291325939,0.656678989147
1062,23.4552367648,0.657165710766
1063,23.4811893932,0.657617562642
1064,23.5071183962,0.658051122664
1065,23.533139055,0.658473513601
1066,23.5592421112,0.658872541103
1067,23.5851939153,0.659240100332
1068,23.6111250525,0.659591007773
1069,23.6371494293,0.659929061566
1070,23.6632535299,0.660238155462
1071,23.6892044483,0.660517302792
1072,23.7151378496,0.660776736018
1073,23.7411632581,0.661025142445
1074,23.7672671578,0.661248269925
1075,23.7932181237,0.661445324193
1076,23.8191530902,0.661626219557
1077,23.8451802509,0.661796961641
1078,23.8712836171,0.661942350635
1079,23.8972324124,0.662065098658
1080,23.923168966,0.662172241509
1081,23.9491976495,0.662268770875
1082,23.9753003633,0.662338769947
1083,24.0012501894,0.662388667077
1084,24.0271882719,0.662421278233
1085,24.0532176322,0.66244455967
1086,24.079319141,0.662443970979
1087,24.1052428341,0.662433609865
1088,24.131180787,0.662418016616
1089,24.1572131586,0.662391645163
1090,24.1833052433,0.662346098442
1091,24.2092377564,0.662304012869
1092,24.235178753,0.662249525669
1093,24.2612139688,0.662174586679
1094,24.2873064169,0.662075388863
1095,24.3132392741,0.661979236086
1096,24.3391778709,0.661875537594
1097,24.3652086325,0.66176988982
1098,24.3912993488,0.66165588107
1099,24.4172236258,0.661548728475
1100,24.4431632666,0.661435899317
1101,24.4691952068,0.661321041171
1102,24.4952856086,0.661197699854
1103,24.5212088568,0.661081749047
1104,24.5471219904,0.660994151244
1105,24.5731357772,0.661002540621
1106,24.5992079434,0.661111525534
1107,24.6250998278,0.6613540886
1108,24.6510071078,0.661710220934
1109,24.6770209375,0.662159337472
1110,24.7030793179,0.662722658338
1111,24.7289417663,0.663493041143
1112,24.7548072377,0.664450303345
1113,24.7807752435,0.66558632646
1114,24.8067772462,0.666923536757
1115,24.832538229,0.668525532632
1116,24.8583261331,0.670376437532
1117,24.884212168,0.672480987689
1118,24.9101354044,0.6747984647
1119,24.9358862999,0.677288169606
1120,24.9616064101,0.679981738551
1121,24.9873880598,0.682964192663
1122,25.0131542639,0.686200653862
1123,25.0388356238,0.689642661275
1124,25.0644410806,0.693276341798
1125,25.0901290473,0.697114804115
1126,25.1157831447,0.701145093661
1127,25.141384958,0.705343030588
1128,25.166862512,0.709733008409
1129,25.1923709919,0.714371882026
1130,25.2172439676,0.719206318833
1131,25.2413620594,0.724157947327
1132,25.2658543034,0.72953781447
1133,25.2910583039,0.73545738161
1134,25.316132681,0.741682784561
1135,25.341214145,0.748259501919
1136,25.3652203325,0.75482904708
1137,25.3877010151,0.761216735588
1138,25.4110735749,0.768183292836
1139,25.4358038774,0.775887362693
1140,25.4605070571,0.783823586272
1141,25.4849841574,0.792100526626
1142,25.5093129078,0.800722543023
1143,25.5334952618,0.809701152129
1144,25.557568692,0.819253815124
1145,25.5813266873,0.829360295906
1146,25.6047402639,0.839962792221
1147,25.6279031794,0.851229321418
1148,25.6506938247,0.863209074248
1149,25.6731389208,0.875863589511
1150,25.6952380724,0.889038411246
1151,25.716985459,0.902808680195
1152,25.7381790952,0.917158666249
1153,25.7590527598,0.932261865117
1154,25.7795583701,0.947993931188
1155,25.7995012799,0.964202172553
1156,25.8189261585,0.980947742766
1157,25.8372092167,0.997677583333
1158,25.8553986203,1.01538403963
1159,25.8732524794,1.03397066007
1160,25.8905089616,1.05297209558
1161,25.9073052063,1.07252218659
1162,25.9235245185,1.0924958628
1163,25.9391557491,1.11296192556
1164,25.9541524463,1.13387427044
1165,25.9684957003,1.155212549
1166,25.9821856687,1.17691241734
1167,25.9953341933,1.19909184829
1168,26.0079226168,1.22169038516
1169,26.019852342,1.24450243847
1170,26.0311499164,1.26758005824
1171,26.0419255755,1.29103373404
1172,26.0521623551,1.31479513577
1173,26.0618162351,1.33872333113
1174,26.070911889,1.36279732681
1175,26.079510159,1.38714571474
1176,26.0875581786,1.41162869363
1177,26.095114688,1.43633818178
1178,26.1021566822,1.46120312346
1179,26.1086688022,1.48617571076
1180,26.1146670015,1.51119936524
1181,26.1202212071,1.53646181153
1182,26.1253222897,1.56190771996
1183,26.1299231439,1.58729723242
1184,26.1340845321,1.6127498032
1185,26.1376851165,1.63707695913
1186,26.1410798646,1.66248832093
1187,26.144149049,1.68819090382
1188,26.1468682278,1.71385881068
1189,26.1492794959,1.73966745845
1190,26.1513842433,1.76558665978
1191,26.153137962,1.79141137324
1192,26.154558019,1.8171848341
1193,26.1556824641,1.84309339001
1194,26.1565535838,1.869070509
1195,26.1571775777,1.8949769425
1196,26.157538421,1.92081725052
1197,26.1575494793,1.94569085798
1198,26.1572509482,1.97101270504
1199,26.1567065603,1.99689824991
1200,26.1558748848,2.02282328213
1201,26.154731409,2.04766700698
1202,26.1532506156,2.07285673884
1203,26.1515435792,2.09765040596
1204,26.1494985955,2.12270622072
1205,26.1470934301,2.14844553017
1206,26.1444057319,2.1741276361
1207,26.1415363338,2.19885506179
1208,26.138302221,2.22411360149
1209,26.1346984955,2.249731272
1210,26.1307547599,2.27531697149
1211,26.1265630394,2.30088737039
1212,26.1220709907,2.32650857119
1213,26.1174645659,2.35126330526
1214,26.1126037543,2.37617522495
1215,26.1074181544,2.40155931451
1216,26.1021597334,2.42599492807
1217,26.0965866169,2.45045885895
1218,26.0907851563,2.47447093551
1219,26.0845457933,2.49923154888
1220,26.0779212612,2.52438383252
1221,26.0710659443,2.54944439846
1222,26.0642700112,2.57337692725
1223,26.0572375483,2.59744880574
1224,26.0497412032,2.62237179596
1225,26.0420756298,2.64721557046
1226,26.0342720088,2.67181702537
1227,26.0262842006,2.69649286692
1228,26.0181182606,2.72119340903
1229,26.0097477064,2.74584115253
1230,26.001275277,2.77026159827
1231,25.9926229687,2.79470755023
1232,25.9838124207,2.81920205412
1233,25.9749120527,2.8436255256
1234,25.9659529495,2.86793122739
1235,25.9568714916,2.89224322867
1236,25.9477004207,2.91660759559
1237,25.9387630767,2.94000983691
1238,25.9296469357,2.96340331541
1239,25.9204565169,2.98651354545
1240,25.9109099013,3.01037344629
1241,25.9013843257,3.03388878235
1242,25.8917793581,3.05713577859
1243,25.8819594932,3.08047358437
1244,25.871943485,3.10416005826
1245,25.8618026022,3.12806410738
1246,25.8516262871,3.15190792963
1247,25.8413608847,3.17572533516
1248,25.8310675842,3.19921545571
1249,25.8206287117,3.22267598965
1250,25.8100070949,3.24634289543
1251,25.7992680083,3.26993349405
1252,25.7883906141,3.29352656854
1253,25.7774485256,3.31700414968
1254,25.7663374447,3.34046960609
1255,25.755136278,3.36383580481
1256,25.7441635999,3.38642207644
1257,25.7329249944,3.40940228669
1258,25.7214666884,3.4327394762
1259,25.709932469,3.45592493455
1260,25.6982488636,3.4790589918
1261,25.6864145645,3.50213714936
1262,25.6744341764,3.52521276515
1263,25.6623505562,3.54814077131
1264,25.6500995649,3.57095416118
1265,25.6376914543,3.59370220673
1266,25.6256758898,3.61535174888
1267,25.6133246474,3.63709839944
1268,25.6006904857,3.65879733462
1269,25.5877166839,3.6807062638
1270,25.5743367614,3.703018198
1271,25.5613101644,3.72458889042
1272,25.5482721467,3.74604266743
1273,25.5352671149,3.76723334904
1274,25.5217190891,3.78901798144
1275,25.5078717765,3.81103786156
1276,25.4942464969,3.83223953131
1277,25.4802743835,3.85360750214
1278,25.4659477342,3.87529125649
1279,25.4514470346,3.89693635466
1280,25.4372692035,3.91783398661
1281,25.4233664902,3.93811609107
1282,25.4090075748,3.95886145487
1283,25.3947106687,3.97933598755
1284,25.380383321,3.99964605401
1285,25.3654007455,4.02075975133
1286,25.3511275742,4.04071185251
1287,25.3361065088,4.06155473124
1288,25.3209150017,4.08259020674
1289,25.3056747793,4.10352134679
1290,25.2903134165,4.12446675689
1291,25.2747812445,4.14539606464
1292,25.2591928578,4.16616197145
1293,25.2435764365,4.18679691993
1294,25.227792476,4.20742708412
1295,25.2118666166,4.228075758
1296,25.1960353006,4.24850343472
1297,25.1800872065,4.26889874872
1298,25.164016202,4.28934514919
1299,25.1486001906,4.30893237388
1300,25.1331408507,4.32854057684
1301,25.1176436741,4.34829700452
1302,25.1016727541,4.36878610125
1303,25.0856335108,4.38933484329
1304,25.0695580155,4.40977945913
1305,25.0541960707,4.42928544834
1306,25.0383184578,4.44940389562
1307,25.0220806643,4.46980721177
1308,25.0067274498,4.48801798875
1309,24.9917912694,4.50581353083
1310,24.9750534543,4.52554199038
1311,24.958198087,4.54550274372
1312,24.9419144231,4.56496729932
1313,24.9259273769,4.58414868037
1314,24.9092963021,4.60415875667
1315,24.8927160787,4.62441216696
1316,24.8764415002,4.64467235659
1317,24.8603057912,4.66497181911
1318,24.8442072532,4.68540801022
1319,24.82812362,4.70599742449
1320,24.8122063869,4.72657716114
1321,24.7964534875,4.74719675343
1322,24.7807877438,4.76800892089
1323,24.7652441054,4.78904361809
1324,24.7499318075,4.81011198641
1325,24.7348099897,4.83118292348
1326,24.7204741499,4.85136951159
1327,24.7056458776,4.87246465343
1328,24.6907517585,4.89380445263
1329,24.6759828696,4.91511666229
1330,24.6612816806,4.93656985921
1331,24.6466036859,4.95815290904
1332,24.6320494653,4.97971354271
1333,24.6176228413,5.00125499199
1334,24.6032229203,5.02289794317
1335,24.5887976232,5.04460489147
1336,24.5747605383,5.06567896217
1337,24.5607031187,5.08676677772
1338,24.5463069578,5.10837829269
1339,24.5318177093,5.13003845491
1340,24.5173407522,5.15160736786
1341,24.5033817294,5.17231400678
1342,24.4889812044,5.19350092505
1343,24.4742838362,5.2150017016
1344,24.459894058,5.23581546432
1345,24.4454059625,5.25658533256
1346,24.4305135056,5.27782200439
1347,24.4162358445,5.29797496252
1348,24.4014237966,5.31864838959
1349,24.3862799224,5.33952944437
1350,24.3709538808,5.36045537196
1351,24.3554910301,5.38138911454
1352,24.3398975832,5.40224533766
1353,24.3242822986,5.42282252004
1354,24.3084940169,5.44337366121
1355,24.2925247094,5.46394045231
1356,24.2764679827,5.48443450741
1357,24.260389395,5.50463771743
1358,24.2441324599,5.52483670158
1359,24.2277125162,5.54502446922
1360,24.2111724622,5.56510616124
1361,24.1946080407,5.58494386635
1362,24.1786692569,5.60375166536
1363,24.1632380388,5.62169304723
1364,24.147176981,5.64014223584
1365,24.1307949044,5.65892381505
1366,24.1145898811,5.677305824
1367,24.0975321097,5.69640695214
1368,24.08009141,5.71564078361
1369,24.0625209347,5.73466128989
1370,24.0448243328,5.75356702058
1371,24.026956182,5.77240433093
1372,24.0089276164,5.79107781425
1373,23.9907988863,5.80964392296
1374,23.9726393881,5.82810363155
1375,23.9542990012,5.84644326795
1376,23.9357503608,5.86460813647
1377,23.9170865557,5.88266546534
1378,23.8983781922,5.90057219483
1379,23.8794837352,5.91836241847
1380,23.8604882759,5.93598930262
1381,23.841342832,5.95353843105
1382,23.8221264739,5.97089945707
1383,23.8027543601,5.98815514874
1384,23.7833097162,6.00527531975
1385,23.7637252909,6.02238285975
1386,23.7440977701,6.03940026668
1387,23.7251224481,6.05563119484
1388,23.7057430295,6.07203164971
1389,23.6858296071,6.08873990974
1390,23.6658460354,6.10531035792
1391,23.6458089024,6.12172593564
1392,23.6257097254,6.13803748524
1393,23.6054303727,6.1543074829
1394,23.5850776297,6.17042713405
1395,23.564674121,6.18634866724
1396,23.5441801379,6.20216997951
1397,23.5243230369,6.21728081849
1398,23.5039460995,6.23254397448
1399,23.4831234597,6.24787800091
1400,23.4621743338,6.26309167726
1401,23.4411026995,6.27809782008
1402,23.4196946224,6.29286712493
1403,23.3983075364,6.30712827768
1404,23.3765946008,6.32109773611
1405,23.3546098177,6.33485752421
1406,23.3323789198,6.34841189328
1407,23.3106835051,6.36137404066
1408,23.2887397514,6.37424029522
1409,23.2671455234,6.38662515138
1410,23.2449289627,6.39909486828
1411,23.2228149704,6.41130424004
1412,23.2005018558,6.42338988533
1413,23.1775926986,6.4355369769
1414,23.1546841793,6.44751596023
1415,23.131592769,6.45934299056
1416,23.1091459883,6.47069941699
1417,23.0862103051,6.48218210712
1418,23.0636633208,6.49339806847
1419,23.0408184257,6.50471809901
1420,23.018361639,6.51581123794
1421,22.9953638519,6.52710126362
1422,22.972015154,6.53854688842
1423,22.9495042135,6.549651133
1424,22.9267930943,6.56083409926
1425,22.9043510487,6.57185627797
1426,22.8814846973,6.58308915069
1427,22.8590864835,6.59413484153
1428,22.8364762257,6.60523489163
1429,22.8131252388,6.61666917355
1430,22.7897792392,6.6281564378
1431,22.7673463527,6.63923058127
1432,22.7446571219,6.65033958555
1433,22.7212905855,6.66172567785
1434,22.6981193917,6.67301681194
1435,22.6749056326,6.68432005131
1436,22.6516030206,6.69573676714
1437,22.6282742006,6.70721789398
1438,22.6052062011,6.71856838151
1439,22.5820767505,6.72991266538
1440,22.5591741495,6.74115694846
1441,22.5370282608,6.75202149576
1442,22.513963345,6.76335511361
1443,22.490734895,6.77486140177
1444,22.4675476127,6.78638906176
1445,22.4443030422,6.79798838004
1446,22.4209990447,6.80958529057
1447,22.3985943715,6.82072127933
1448,22.3760411796,6.83191037972
1449,22.3527630196,6.84344375878
1450,22.3294307891,6.85507527236
1451,22.3062565461,6.86678564083
1452,22.283096475,6.87858032422
1453,22.2599456019,6.8903880877
1454,22.2367543041,6.90225460269
1455,22.2136382209,6.91413634493
1456,22.1905758727,6.92604768384
1457,22.1674924132,6.93799022155
1458,22.1443639898,6.95002656829
1459,22.1214036606,6.96207449716
1460,22.0985241527,6.97415177932
1461,22.0755743141,6.98640157427
1462,22.0526179769,6.99877828023
1463,22.0297797325,7.01117751281
1464,22.0070299297,7.02360959534
1465,21.9842404535,7.03610355307
1466,21.9613937136,7.04864261242
1467,21.9386715917,7.06111317702
1468,21.9159623882,7.07355006887
1469,21.893167204,7.08602717808
1470,21.8703083622,7.09852965931
1471,21.8475139004,7.11097621061
1472,21.8247701768,7.12337343775
1473,21.8019410298,7.13579934648
1474,21.7790652824,7.14830915131
1475,21.7562920037,7.16083161314
1476,21.7336026651,7.17336507575
1477,21.710851593,7.18592709706
1478,21.6889192958,7.19802266872
1479,21.6668311002,7.21022508375
1480,21.6449077376,7.22240806721
1481,21.6225265395,7.23483890346
1482,21.5997404763,7.24750278125
1483,21.5771411726,7.2600960964
1484,21.5551950423,7.27229974364
1485,21.5327761464,7.28470587104
1486,21.5099549348,7.29727644636
1487,21.4872796736,7.3097745608
1488,21.4646103365,7.32223267322
1489,21.4418491532,7.33469505729
1490,21.4189632998,7.34713039283
1491,21.3961388599,7.35953433507
1492,21.3733646999,7.37191448791
1493,21.35139033,7.38383029195
1494,21.3287692863,7.39608494057
1495,21.3059464242,7.40853907343
1496,21.2831572496,7.42103232302
1497,21.2603658459,7.43346464932
1498,21.2374838326,7.44589756595
1499,21.2145962149,7.45829155215
1500,21.1917694816,7.47065833926
1501,21.1689117483,7.48298135888
1502,21.1459773802,7.49536583553
1503,21.1232229908,7.50771380091
1504,21.1011109341,7.51974846352
1505,21.0789123412,7.53179758185
1506,21.0559923722,7.54418817114
1507,21.0331863906,7.55658180558
1508,21.0104297525,7.56900021276
1509,20.9876474543,7.58143579378
1510,20.9647627169,7.59385187112
1511,20.9425910352,7.60577106202
1512,20.9205873344,7.61752702765
1513,20.8987377744,7.62914815503
1514,20.8763300794,7.64104441306
1515,20.8533159689,7.65326434869
1516,20.8304057667,7.66548347166
1517,20.8074885701,7.67768123096
1518,20.7844993551,7.68992813266
1519,20.7615745324,7.70217208663
1520,20.7387050063,7.71440725558
1521,20.7158038554,7.72661095304
1522,20.692807922,7.73882988375
1523,20.6698745032,7.75103620273
1524,20.6469898414,7.76324567343
1525,20.6240887988,7.77547090719
1526,20.6021638814,7.78715197868
1527,20.5797873743,7.79911074216
1528,20.5569592595,7.81145701221
1529,20.5341457665,7.82379846285
1530,20.5123503071,7.83545981783
1531,20.489988759,7.84733448768
1532,20.4670862664,7.85954029445
1533,20.4451252178,7.8712889161
1534,20.422854497,7.88317857914
1535,20.3999210299,7.89539865387
1536,20.3770206287,7.90761064017
1537,20.3550276389,7.9193250378
1538,20.3326899428,7.93115003755
1539,20.3104762466,7.94277391046
1540,20.2883268771,7.95422599105
1541,20.2655002673,7.96592062229
1542,20.2423564334,7.97778140369
1543,20.2192296957,7.98959226584
1544,20.1969278617,8.00104302077
1545,20.1746840624,8.01245091644
1546,20.1526160157,8.0237125578
1547,20.1302631721,8.03507286231
1548,20.1080807583,8.04636926875
1549,20.0857241431,8.05769758049
1550,20.0625292446,8.06947589692
1551,20.0393622892,8.08127391625
1552,20.0162138342,8.09303818286
1553,19.9931189128,8.10475558546
1554,19.9710006921,8.11600438764
1555,19.9489912123,8.12723255505
1556,19.9267504081,8.13860877904
1557,19.9036299574,8.15044258388
1558,19.8805009845,8.16234810116
1559,19.8573821806,8.17434477781
1560,19.8343931811,8.1863207199
1561,19.8114468907,8.19826779139
1562,19.788405025,8.2103260528
1563,19.7653497415,8.22244767124
1564,19.7424545013,8.23451935313
1565,19.719546083,8.2465321079
1566,19.6975893008,8.25803244565
1567,19.6751885869,8.26972997451
1568,19.6530656019,8.28126409149
1569,19.6308564208,8.29279366927
1570,19.6087913323,8.30415331977
1571,19.5859536476,8.31585525283
1572,19.5628614421,8.32773195688
1573,19.5397638112,8.33963281357
1574,19.5177426129,8.35092311589
1575,19.4948700897,8.36257235299
1576,19.4716996908,8.37433382589
1577,19.4491901582,8.38581658654
1578,19.4264072326,8.39748323965
1579,19.4032333122,8.40932303603
1580,19.3800784686,8.42110749812
1581,19.3575466708,8.43261190158
1582,19.3347673487,8.44423717444
1583,19.3115648043,8.45601124987
1584,19.2884309286,8.46769769276
1585,19.2659014329,8.47903298613
1586,19.2430702449,8.49043638032
1587,19.2197634015,8.50199611984
1588,19.1965693437,8.51348319087
1589,19.1732776309,8.52495632678
1590,19.1499800313,8.53632889838
1591,19.1265647297,8.54766341855
1592,19.1033214315,8.55892554346
1593,19.0799157104,8.57019970719
1594,19.0565300846,8.58140308024
1595,19.0330432547,8.59251776398
1596,19.0104012765,8.60314476203
1597,18.9871810803,8.61397411495
1598,18.9645086626,8.62451883569
1599,18.9412954377,8.63529341544
1600,18.9185897331,8.64577798066
1601,18.8953086492,8.65650282717
1602,18.8725092804,8.66697566241
1603,18.8492160659,8.67761440807
1604,18.8264356776,8.68795370374
1605,18.8030792426,8.69850923237
1606,18.780088686,8.70883729115
1607,18.7576351862,8.71883296901
1608,18.7344950224,8.72908921658
1609,18.710732011,8.73964678406
1610,18.6870000128,8.75011433845
1611,18.6632179414,8.76051394528
1612,18.6394467997,8.77078352257
1613,18.615550936,8.78100525951
1614,18.591714048,8.79109846362
1615,18.5677967246,8.80116724064
1616,18.5438708568,8.81114508628
1617,18.5198584123,8.82112188409
1618,18.4958322233,8.83099431512
1619,18.4717991,8.84074472574
1620,18.4477524455,8.85042813612
1621,18.4236239442,8.86013623357
1622,18.399484047,8.86975028393
1623,18.3753684363,8.87926060745
1624,18.3512408967,8.88866946754
1625,18.3269866316,8.8980418878
1626,18.3026955228,8.90729525815
1627,18.2784478066,8.91635984735
1628,18.2541306753,8.92533420142
1629,18.2297190133,8.93431407134
1630,18.2052683915,8.94319996019
1631,18.1809021583,8.95197771588
1632,18.1565004803,8.96070782283
1633,18.1319833177,8.96938213342
1634,18.1074067736,8.97798172007
1635,18.082945588,8.9865075787
1636,18.0584303529,8.99498868516
1637,18.0338325188,9.00347693582
1638,18.0091952685,9.01188134461
1639,17.9846591452,9.02011966376
1640,17.960056577,9.02827886135
1641,17.9353370545,9.03638515254
1642,17.9105531969,9.04439643013
1643,17.8858960651,9.05224217914
1644,17.8611727395,9.06002897427
1645,17.8363311787,9.06776882051
1646,17.811422795,9.07542308928
1647,17.7866385602,9.08292122661
1648,17.7617991437,9.09037264591
1649,17.7368528411,9.09781413912
1650,17.712809296,9.10495387041
1651,17.6890439685,9.1119454196
1652,17.6641717873,9.11925019835
1653,17.6392009158,9.1265723189
1654,17.6141599201,9.13383770463
1655,17.5892826536,9.14094988092
1656,17.5643374782,9.14799370417
1657,17.540513079,9.15466113605
1658,17.515725988,9.16158094541
1659,17.4912786771,9.16843837607
1660,17.4667359912,9.17538686836
1661,17.4417127757,9.18254951217
1662,17.4166344504,9.18974834863
1663,17.3921767914,9.19676055651
1664,17.3685176537,9.20354030214
1665,17.3448246532,9.21035222053
1666,17.3200928755,9.21753488835
1667,17.2952511185,9.22479879009
1668,17.2704011068,9.23217746826
1669,17.2464323413,9.23932378453
1670,17.2217570129,9.2466973471
1671,17.1968858813,9.2541234405
1672,17.1720605188,9.26151548462
1673,17.1471322447,9.26887988509
1674,17.1230563205,9.27595054341
1675,17.0990003652,9.28295707933
1676,17.0741948804,9.29016836137
1677,17.0492112487,9.29748440582
1678,17.0242035829,9.30499969832
1679,16.9994108083,9.3125171929
1680,16.9746769732,9.32015377584
1681,16.9498299709,9.32789089042
1682,16.9249472377,9.3357267857
1683,16.9002014102,9.3435281096
1684,16.8755053809,9.35137391082
1685,16.8507310676,9.35929546948
1686,16.8267420062,9.36706734472
1687,16.8026433627,9.37489736996
1688,16.7780070772,9.38284550079
1689,16.7532581634,9.39083290446
1690,16.7284561469,9.3988652125
1691,16.7037547067,9.40681712442
1692,16.6791118339,9.41474473094
1693,16.6543652677,9.42267666644
1694,16.629524071,9.43057445575
1695,16.6047653182,9.43834640305
1696,16.5800409313,9.44603407391
1697,16.5552123656,9.45370156586
1698,16.5302805695,9.46134074707
1699,16.5054682566,9.46891024808
1700,16.4806950561,9.47645944525
1701,16.4558187258,9.48400414624
1702,16.4308539573,9.49155050212
1703,16.4060405945,9.49905601552
1704,16.3812538849,9.50660450901
1705,16.3563785738,9.51418923813
1706,16.3314369058,9.52180266093
1707,16.3065952783,9.52934878741
1708,16.281812921,9.5368043422
1709,16.2569093095,9.54417162503
1710,16.2318739087,9.55146687004
1711,16.2069303224,9.55866085983
1712,16.1820268085,9.56576682261
1713,16.1570150722,9.57282975202
1714,16.1318978303,9.5798646073
1715,16.1068553013,9.58685387461
1716,16.0818997359,9.59373549347
1717,16.056832291,9.60051737709
1718,16.0316307835,9.60721017491
1719,16.0065387116,9.61382087749
1720,15.9814784506,9.620357077
1721,15.9563092462,9.62685325935
1722,15.931045487,9.63327449797
1723,15.9062545427,9.6393975661
1724,15.8819542536,9.64529017254
1725,15.8567044349,9.65128233453
1726,15.8313118386,9.65715179821
1727,15.8060068164,9.66291008047
1728,15.7807387864,9.66860727014
1729,15.7553737591,9.67434125489
1730,15.7299429809,9.68007880508
1731,15.7051349916,9.68557323721
1732,15.6803377568,9.69100110751
1733,15.654942506,9.69659344985
1734,15.6294780895,9.70222929072
1735,15.6041298603,9.70783175424
1736,15.5788376249,9.7133929995
1737,15.5542020163,9.71879959276
1738,15.5287186899,9.72454107342
1739,15.503356484,9.73038245169
1740,15.478113132,9.73633022594
1741,15.4527968095,9.74246328846
1742,15.4274460378,9.74879635063
1743,15.4022225652,9.75526835236
1744,15.3780343406,9.76170663661
1745,15.3532209492,9.76857348837
1746,15.3280715,9.77589774962
1747,15.3030372428,9.78351201294
1748,15.2782702985,9.79131382474
1749,15.2534970075,9.79943950017
1750,15.228731164,9.80784813938
1751,15.2041353248,9.81645029388
1752,15.1797022166,9.82522272557
1753,15.1564035949,9.83383718666
1754,15.1328510421,9.84273663677
1755,15.109583655,9.85166434731
1756,15.0864989869,9.86068948114
1757,15.0623657664,9.87037846202
1758,15.0382427435,9.88029636689
1759,15.0142377648,9.89030027034
1760,14.9903160571,9.90037078539
1761,14.966371798,9.91057860714
1762,14.9424673802,9.92093103633
1763,14.9186596505,9.93134590988
1764,14.8949139045,9.94186886447
1765,14.871171092,9.952519272
1766,14.8483116545,9.96293765612
1767,14.8254090053,9.973478371
1768,14.8018125336,9.98445621467
1769,14.7783049284,9.99563091958
1770,14.7548868724,10.0069719455
1771,14.7315359754,10.0184278499
1772,14.7082141901,10.0300183374
1773,14.6850311407,10.0416895592
1774,14.6624202598,10.0532082875
1775,14.6396726222,10.0649404877
1776,14.6167826838,10.0767847784
1777,14.5946198695,10.0884663637
1778,14.5726213147,10.1002783818
1779,14.5498612016,10.1126872942
1780,14.5281221288,10.1248211713
1781,14.5064253403,10.1372326699
1782,14.4840429458,10.1504098083
1783,14.4617445587,10.1637954631
1784,14.4394547753,10.1774227704
1785,14.4180210797,10.1907882556
1786,14.3972282152,10.2040185961
1787,14.376023032,10.2177798956
1788,14.3553202509,10.2314803378
1789,14.3339663523,10.2459456233
1790,14.3131554002,10.2604258995
1791,14.2922975983,10.2753085551
1792,14.2712082678,10.2907420718
1793,14.2510239579,10.3059221054
1794,14.2311888251,10.3212060742
1795,14.2108119873,10.3373004333
1796,14.1905221254,10.3537806667
1797,14.1704475721,10.3704988241
1798,14.1506242859,10.3872790367
1799,14.1309530674,10.4042592281
1800,14.1113417179,10.4214598315
1801,14.0918697143,10.4388310743
1802,14.0726059645,10.4563013165
1803,14.053480772,10.4738147806
1804,14.0343457538,10.4915416676
1805,14.0153746942,10.5093950064
1806,13.9972371063,10.5266460094
1807,13.9789095766,10.5443182158
1808,13.9603221338,10.5625880371
1809,13.9418894343,10.5809061153
1810,13.9243107108,10.598561266
1811,13.9066776851,10.6165129135
1812,13.888579108,10.6352272122
1813,13.8705508503,10.6540173901
1814,13.8533197734,10.6719919116
1815,13.8357788674,10.6903658876
1816,13.8179253424,10.7092634829
1817,13.8001593883,10.7280959596
1818,13.7823572013,10.7470774751
1819,13.7646517572,10.7661251792
1820,13.7470291338,10.7852434118
1821,13.7295001832,10.8042836863
1822,13.7119157735,10.8234365808
1823,13.6943476442,10.8425704684
1824,13.6767906407,10.86176156
1825,13.6592805541,10.8809229622
1826,13.641723071,10.9000844558
1827,13.6246804841,10.9185656632
1828,13.6073177471,10.9373475818
1829,13.5896703395,10.9564267853
1830,13.5719721877,10.9754434213
1831,13.5542408257,10.9944108937
1832,13.5364563761,11.0133445405
1833,13.5187078734,11.0321127542
1834,13.500834715,11.0509425238
1835,13.4828859955,11.0696704348
1836,13.4655461401,11.0876581064
1837,13.4480990812,11.1055753582
1838,13.4299078646,11.1239930802
1839,13.4119332524,11.1418722315
1840,13.3936815228,11.1598115281
1841,13.3751256614,11.1779280071
1842,13.3564171687,11.1958504849
1843,13.3381595891,11.2128984409
1844,13.3196152879,11.2297739206
1845,13.3002165048,11.2470730848
1846,13.2807284683,11.2641316784
1847,13.261210062,11.2808101333
1848,13.241606852,11.2971502258
1849,13.2214929786,11.313625165
1850,13.2012501282,11.3297889674
1851,13.1808861058,11.3457090156
1852,13.1603483049,11.361562471
1853,13.1396353636,11.3772952093
1854,13.1188021937,11.3927365093
1855,13.0978908038,11.4078389385
1856,13.0767245045,11.4226903212
1857,13.0552612696,11.4373392454
1858,13.0337108553,11.4517890498
1859,13.0129001854,11.4654430963
1860,12.9922052649,11.4787193573
1861,12.971350403,11.4917752894
1862,12.9498469123,11.5048949075
1863,12.9277433735,11.5180826633
1864,12.9053857096,11.5311264838
1865,12.882798468,11.5439864229
1866,12.8602120737,11.5565629831
1867,12.837518583,11.5688629052
1868,12.8146392718,11.5809440265
1869,12.7915572369,11.5927474734
1870,12.768414234,11.6041986749
1871,12.745051091,11.6153345874
1872,12.7215479002,11.6261385583
1873,12.6979085423,11.6367183812
1874,12.6741704406,11.6471562645
1875,12.6503166452,11.6574181393
1876,12.6264305286,11.6674108682
1877,12.6024786221,11.6771383447
1878,12.5783833667,11.6866865825
1879,12.5541313308,11.6960908733
1880,12.5298919079,11.7053417582
1881,12.5056567572,11.7144015733
1882,12.4813184966,11.723350638
1883,12.4568330802,11.7321992314
1884,12.4323614682,11.7409809208
1885,12.4079429433,11.7496205534
1886,12.3834500575,11.7582162866
1887,12.3588411734,11.7667373844
1888,12.334255784,11.775119053
1889,12.309695981,11.7833836612
1890,12.2860131952,11.7913607671
1891,12.2616394342,11.7995807738
1892,12.2369332836,11.8078715483
1893,12.212356062,11.8160032537
1894,12.1876918451,11.8240918093
1895,12.1629013391,11.8321601083
1896,12.1386875112,11.8400937949
1897,12.1147952065,11.8479996372
1898,12.0911109762,11.8558653733
1899,12.0667058594,11.8639539795
1900,12.0419682003,11.872068709
1901,12.0173327387,11.880001498
1902,11.9938042859,11.887507858
1903,11.9697074898,11.8951095902
1904,11.9455784335,11.9026438471
1905,11.9218267489,11.910004378
1906,11.8979967173,11.9173485152
1907,11.8733972115,11.9248657343
1908,11.8484585615,11.9323925183
1909,11.8236564721,11.9397658252
1910,11.7996851254,11.9468227196
1911,11.7749594359,11.954021047
1912,11.750794727,11.9609693187
1913,11.7266341991,11.9677966908
1914,11.7016625648,11.9748707587
1915,11.6766088868,11.9819689586
1916,11.6515175313,11.989032045
1917,11.6265880726,11.9959375067
1918,11.6027503926,12.002437714
1919,11.5782932404,12.0089847406
1920,11.5530860749,12.0156582396
1921,11.5280495846,12.0222191288
1922,11.5029438166,12.0287394143
1923,11.4777431983,12.0352976076
1924,11.4525063237,12.0418655994
1925,11.4274401123,12.0483261241
1926,11.4023072651,12.0547387631
1927,11.377080537,12.0611516901
1928,11.3527648501,12.0672545691
1929,11.3285626423,12.073243645
1930,11.3033950671,12.0793636295
1931,11.2780888212,12.0854031804
1932,11.2527222698,12.0913666613
1933,11.2275166897,12.097138089
1934,11.2022485342,12.1028221871
1935,11.1768386345,12.1084457008
1936,11.1513835843,12.1140892659
1937,11.1260673937,12.1196958638
1938,11.1007404045,12.1252504965
1939,11.0753195269,12.1308163171
1940,11.0498623454,12.1362932742
1941,11.0245094202,12.1416086348
1942,10.9991379653,12.1467983371
1943,10.9736372383,12.1518634829
1944,10.9481103589,12.1567804329
1945,10.9226399026,12.1615144561
1946,10.8971507726,12.1660922449
1947,10.8715378081,12.1705367165
1948,10.8459313711,12.1748254118
1949,10.8203288234,12.1789609881
1950,10.7947406845,12.1829241556
1951,10.7690326965,12.1867398594
1952,10.7433552028,12.1903942261
1953,10.7176377056,12.1939216224
1954,10.6919524217,12.1973088925
1955,10.6661717548,12.2005540863
1956,10.6404384899,12.2036368668
1957,10.6146379148,12.2065928685
1958,10.5888723317,12.2094084091
1959,10.5630300516,12.2120787447
1960,10.5372248333,12.214627771
1961,10.5113506677,12.2171084018
1962,10.4855135189,12.2195074314
1963,10.459633696,12.2218009348
1964,10.4338270401,12.2240110617
1965,10.4079053827,12.2261885722
1966,10.3820201365,12.2283705461
1967,10.3561106613,12.230543279
1968,10.3302693446,12.2327169488
1969,10.3043411359,12.2349237544
1970,10.278460871,12.2371245672
1971,10.2525587996,12.2393000222
1972,10.2266793477,12.2414790236
1973,10.2007327323,12.2437760678
1974,10.1748493916,12.2461640372
1975,10.1489438152,12.248618955
1976,10.1231568052,12.2511050784
1977,10.0972594648,12.2536389874
1978,10.071415554,12.2561824898
1979,10.0455351258,12.2587048441
1980,10.0197308249,12.2611890535
1981,9.99384166535,12.263663375
1982,9.96801908022,12.2661451954
1983,9.94210633273,12.268748054
1984,9.91630532027,12.2714592695
1985,9.89042906941,12.2742950941
1986,9.86461347173,12.2772065629
1987,9.8387462627,12.2801860397
1988,9.81297380572,12.283236204
1989,9.78713248122,12.2864245438
1990,9.76135506603,12.2897752283
1991,9.73552909843,12.2932646052
1992,9.70978382911,12.2968623425
1993,9.68402661207,12.3006371366
1994,9.65833151044,12.3046099563
1995,9.6325859518,12.3087438607
1996,9.60693511946,12.3129860048
1997,9.58133807112,12.317328631
1998,9.55619300524,12.3216626444
1999,9.53050264202,12.3262756217
2000,9.50489480563,12.3310837913
2001,9.47939247471,12.3361020832
2002,9.45401493721,12.3411477022
2003,9.42853953319,12.345760696
2004,9.40304185343,12.349884689
2005,9.37743819024,12.3535437365
2006,9.35183437458,12.3567161583
2007,9.32611697736,12.35943002
2008,9.30039063829,12.3617090865
2009,9.27453652877,12.3636102701
2010,9.24870451627,12.3651231109
2011,9.22290022705,12.3662763386
2012,9.19704427968,12.3671256909
2013,9.17107132315,12.3677079232
2014,9.14510913261,12.3680149193
2015,9.12001639457,12.3680010438
2016,9.09491835346,12.3676801244
2017,9.06891928783,12.3671345615
2018,9.04289049126,12.3664106671
2019,9.01701060856,12.3655244706
2020,8.99110832057,12.3645229128
2021,8.9651110185,12.3634019694
2022,8.9391020442,12.362153192
2023,8.91393199704,12.3607863981
2024,8.88858875436,12.359271273
2025,8.86260368248,12.357631288
2026,8.83658986572,12.3559472307
2027,8.81074836501,12.3542038477
2028,8.7848601831,12.3524284879
2029,8.7588750293,12.3506354481
2030,8.73285866413,12.348852556
2031,8.70701019965,12.3470531775
2032,8.6821250276,12.3453001615
2033,8.65748812581,12.3434760018
2034,8.63178801315,12.3414674726
2035,8.60668880302,12.3393785283
2036,8.58124336573,12.3371696371
2037,8.55530624669,12.3349011754
2038,8.52931401258,12.3326362843
2039,8.50349971943,12.3303715171
2040,8.47765079923,12.3281065305
2041,8.45170620233,12.3258523229
2042,8.42568610617,12.3236416455
2043,8.39983638778,12.3215105758
2044,8.37395745042,12.3194559058
2045,8.34797450271,12.3174696064
2046,8.32192686383,12.3155694404
2047,8.29604530088,12.3137579967
2048,8.27014100065,12.3120322862
2049,8.24413076847,12.3103782129
2050,8.21808309087,12.3088031052
2051,8.1921917893,12.3072716964
2052,8.166271926,12.3058015558
2053,8.14024893005,12.3043950847
2054,8.11419263245,12.3030694488
2055,8.08827900704,12.3018186136
2056,8.06234495477,12.3006505141
2057,8.03631198371,12.2995339787
2058,8.01026924099,12.2984813332
2059,7.98433906317,12.2974859152
2060,7.95839050119,12.2965717781
2061,7.93234745551,12.2957242052
2062,7.90631985062,12.2949269014
2063,7.88036408813,12.2941683799
2064,7.85441128479,12.2934733435
2065,7.82836685796,12.2928224158
2066,7.8023550957,12.2922018634
2067,7.77638806423,12.2915925744
2068,7.75042812388,12.2910399348
2069,7.72437078488,12.2905464875
2070,7.69836547931,12.2901066758
2071,7.67240429541,12.2896767619
2072,7.64644145948,12.2892904102
2073,7.62039169727,12.2889458245
2074,7.59439168099,12.2886242754
2075,7.56842845558,12.28831257
2076,7.54246157752,12.2880526296
2077,7.51641016356,12.2878372855
2078,7.49040980561,12.2876441249
2079,7.46445130088,12.2874592138
2080,7.43848786373,12.2873063147
2081,7.41243141233,12.2871876386
2082,7.38641836936,12.2870962362
2083,7.360462458,12.2869993165
2084,7.33449923015,12.2869269175
2085,7.30845322209,12.2868665903
2086,7.28244313129,12.2868017462
2087,7.2564850379,12.286732182
2088,7.23051629123,12.2866938597
2089,7.20446644133,12.2866861287
2090,7.17840298045,12.2866619768
2091,7.15252900816,12.2865322681
2092,7.1265957381,12.2863065418
2093,7.10057024707,12.2859884773
2094,7.07453492849,12.2855673214
2095,7.048651123,12.285063707
2096,7.02272131743,12.2844850682
2097,6.99669042034,12.2838332631
2098,6.9707083842,12.283115709
2099,6.94477111765,12.2823132336
2100,6.91885438125,12.2814545823
2101,6.89284111768,12.2804842182
2102,6.86686320718,12.2794021355
2103,6.84099066515,12.2781976344
2104,6.815078551,12.2769170308
2105,6.78906933236,12.2755707507
2106,6.76308231937,12.2741648054
2107,6.73721967599,12.2726940096
2108,6.71129992547,12.2711956609
2109,6.68528622522,12.2696951512
2110,6.659290518,12.2682092432
2111,6.63340707058,12.2667259645
2112,6.60747491121,12.2652729035
2113,6.58144251272,12.2638575666
2114,6.5554532986,12.2624613207
2115,6.52959556537,12.2609823825
2116,6.50368686081,12.2594497447
2117,6.47768579556,12.2578627849
2118,6.45170827598,12.256231941
2119,6.42585701871,12.2545459193
2120,6.39995377858,12.2528248303
2121,6.3739600016,12.2510638228
2122,6.34798476669,12.2492788377
2123,6.32213302772,12.247461566
2124,6.29622611053,12.2456447422
2125,6.27024384236,12.2437976125
2126,6.24428495133,12.2418572483
2127,6.21850285629,12.2397807238
2128,6.19266283103,12.2375795797
2129,6.16674375933,12.2352335097
2130,6.14082047177,12.2327192248
2131,6.11514622613,12.2299993136
2132,6.08938202966,12.2271134242
2133,6.06351493681,12.2240921288
2134,6.03765375566,12.2209658974
2135,6.01202142711,12.2177234218
2136,5.98632737383,12.2143306871
2137,5.96055428224,12.2107461662
2138,5.93481395994,12.2069888943
2139,5.90928931903,12.2030925985
2140,5.88367732474,12.1990498405
2141,5.85800216783,12.1948419957
2142,5.83235877074,12.1904516713
2143,5.80695589208,12.1859482955
2144,5.78142750796,12.181324945
2145,5.75580577754,12.1766248088
2146,5.73029149391,12.1719137889
2147,5.70482661908,12.1670822081
2148,5.6794189369,12.1620363753
2149,5.65395423374,12.1567711341
2150,5.62851491014,12.1513320505
2151,5.60323495404,12.1458385336
2152,5.57788941697,12.1402676032
2153,5.55341444871,12.1348291899
2154,5.52932291102,12.1294702555
2155,5.50485972921,12.1240211013
2156,5.47959571315,12.11840176
2157,5.45512284009,12.1130283705
2158,5.43099602034,12.1078054676
2159,5.4062349519,12.1025051682
2160,5.38090788163,12.0970071867
2161,5.35548390127,12.0914381
2162,5.330042331,12.0858292004
2163,5.30472117972,12.0802692022
2164,5.27934907471,12.0747193889
2165,5.25507514043,12.0694527118
2166,5.23056754765,12.06418205
2167,5.20518358098,12.0588423394
2168,5.17974213704,12.0535935152
2169,5.1541921273,12.0484239336
2170,5.12861800666,12.0433539966
2171,5.10316852896,12.0383900817
2172,5.07769692407,12.0334131987
2173,5.05335055335,12.0286442147
2174,5.02908709534,12.0238883957
2175,5.00438074249,12.0190410236
2176,4.9789952455,12.0140602649
2177,4.95342217104,12.0091005363
2178,4.9278087407,12.0042042449
2179,4.90232550573,11.9994189982
2180,4.87678888072,11.9947128783
2181,4.85113636614,11.9900904467
2182,4.82546588347,11.9855412003
2183,4.79995670899,11.9810229538
2184,4.77441278876,11.9764947694
2185,4.74877191053,11.9719506262
2186,4.72313319483,11.9673884015
2187,4.69832708555,11.9628894763
2188,4.67331144542,11.9582895104
2189,4.64871550058,11.9537086314
2190,4.62368753806,11.948963505
2191,4.59902745054,11.9441466944
2192,4.57449636164,11.9392528014
2193,4.54906890441,11.9340294555
2194,4.52364657146,11.9285759578
2195,4.49837165868,11.9229186391
2196,4.47329605901,11.9170356269
2197,4.44807446654,11.9109248141
2198,4.4229717887,11.9045475695
2199,4.39793196036,11.8978503826
2200,4.37305609747,11.8908737783
2201,4.34823236676,11.8835469625
2202,4.32348213839,11.8758362622
2203,4.2988073821,11.8678495064
2204,4.27506656121,11.8599141552
2205,4.25097337156,11.8515937553
2206,4.22662009921,11.8428819362
2207,4.20229140915,11.8338971827
2208,4.17806964368,11.8246184304
2209,4.15402473127,11.8150531333
2210,4.13012771822,11.8052330772
2211,4.10745230128,11.7956094839
2212,4.08402147795,11.7853135595
2213,4.06049073044,11.7746149237
2214,4.03715252834,11.7636068491
2215,4.015051327,11.7528109185
2216,3.99215454769,11.741249543
2217,3.96918411061,11.7292955567
2218,3.94645240279,11.7170903135
2219,3.92378776314,11.7045307035
2220,3.90116023433,11.6916621415
2221,3.87883145631,11.6786378901
2222,3.8575267834,11.6658472892
2223,3.83574927398,11.6524267986
2224,3.8137572707,11.6385687723
2225,3.79196922995,11.6245274316
2226,3.77038468187,11.6103421007
2227,3.74884457448,11.5958881048
2228,3.72739524953,11.5812504068
2229,3.70609455251,11.5664591146
2230,3.68507710585,11.5516018928
2231,3.66391743114,11.5365295766
2232,3.64290539381,11.5214002456
2233,3.62193258146,11.5060866882
2234,3.60105792858,11.4907031458
2235,3.58025007126,11.4751883701
2236,3.55957784748,11.4595627876
2237,3.5389584033,11.4437917064
2238,3.5184934013,11.4279217794
2239,3.49803890278,11.4119252018
2240,3.47824353699,11.3963600365
2241,3.45813957381,11.3805125035
2242,3.43780441443,11.3644151084
2243,3.41747665456,11.3482633742
2244,3.39733442865,11.33209421
2245,3.37714978087,11.3157448066
2246,3.35704392011,11.2993359448
2247,3.33703882122,11.2828240767
2248,3.31716047352,11.2661899744
2249,3.29728012061,11.249445928
2250,3.27743898274,11.2326757263
2251,3.25764278042,11.2158699615
2252,3.23796887065,11.1990910691
2253,3.21822006747,11.1821795908
2254,3.19898380604,11.1657859198
2255,3.17958887102,11.1495685194
2256,3.15940322097,11.1330302951
2257,3.1398471991,11.1174624475
2258,3.11997179444,11.1020554158
2259,3.09911316552,11.0863983791
2260,3.07789013637,11.0710988814
2261,3.05644990655,11.0562542778
2262,3.03487196089,11.0417475704
2263,3.01419258098,11.0282319006
2264,2.99235985245,11.0143862622
2265,2.97081806785,11.0011509404
2266,2.94903331163,10.9881529343
2267,2.92650679453,10.9750291899
2268,2.90372478075,10.9621173762
2269,2.88084866826,10.9495481606
2270,2.85873675627,10.9377399187
2271,2.83582526246,10.9257332231
2272,2.81301191033,10.9140539735
2273,2.79037791359,10.9026869202
2274,2.76718423027,10.8911617994
2275,2.7438206021,10.8797027518
2276,2.72034394287,10.8683199411
2277,2.69691959468,10.8569967302
2278,2.67356455374,10.845754084
2279,2.65014059438,10.8345070186
2280,2.62668195167,10.8231723504
2281,2.60334726859,10.8117391368
2282,2.58014398603,10.8002566252
2283,2.55688502277,10.7886887654
2284,2.53372493145,10.7768811156
2285,2.51123336727,10.7650876238
2286,2.48901182355,10.7529795384
2287,2.4665080834,10.740261915
2288,2.44409160713,10.727138615
2289,2.42195528661,10.7137604305
2290,2.40016221222,10.7000469688
2291,2.37840784228,10.6858185277
2292,2.3564695407,10.6710676392
2293,2.33538035997,10.6562605364
2294,2.31489819402,10.6411896512
2295,2.29395212486,10.6252198868
2296,2.27380189186,10.6091050163
2297,2.25390481784,10.5925645461
2298,2.2342206259,10.5757070199
2299,2.2146735604,10.5583233099
2300,2.19590422296,10.5407377607
2301,2.17750688198,10.522671788
2302,2.15948460975,10.50407949
2303,2.14197521895,10.4852036868
2304,2.12483825372,10.4659958281
2305,2.10835389075,10.4467724551
2306,2.09214058333,10.4270674748
2307,2.07622715472,10.4067494536
2308,2.06090073661,10.3861384663
2309,2.04604810846,10.3650727456
2310,2.03170922742,10.3436211829
2311,2.01786767348,10.3218463315
2312,2.00452087328,10.2997674364
2313,1.99170130792,10.2773935577
2314,1.97941848371,10.2547694275
2315,1.96757440552,10.2318173943
2316,1.95620147819,10.2085654006
2317,1.94544845087,10.185141338
2318,1.93529482741,10.1615343225
2319,1.9255406384,10.1375320139
2320,1.9160932676,10.1133153609
2321,1.90699829195,10.0890560931
2322,1.89828331717,10.0647782858
2323,1.88988974582,10.0402990269
2324,1.88185394126,10.015610641
2325,1.87419051068,9.99082745405
2326,1.86685159107,9.96608093588
2327,1.85978726963,9.94115860046
2328,1.85300151297,9.91609366368
2329,1.84650085335,9.8910284931
2330,1.84028437075,9.86593640266
2331,1.83434921367,9.84071940176
2332,1.82870643157,9.81544060231
2333,1.82326997702,9.79006808325
2334,1.81799329809,9.76467282095
2335,1.81289968934,9.73924059905
2336,1.80802047251,9.71380621771
2337,1.80329491749,9.68828434663
2338,1.79877271188,9.66274506528
2339,1.79443594789,9.6371636559
2340,1.79027960931,9.61174814147
2341,1.78623816868,9.58610034605
2342,1.7823307496,9.56040764556
2343,1.77855282122,9.53473366275
2344,1.77489636678,9.50911757153
2345,1.77130388632,9.48338638972
2346,1.76782152198,9.45761208061
2347,1.76448433418,9.43188587391
2348,1.76127003307,9.40622130246
2349,1.75812541414,9.38042864448
2350,1.75507561768,9.35457836844
2351,1.75215777926,9.32880417488
2352,1.74933505966,9.30306036186
2353,1.74653321761,9.27720912778
2354,1.7437707966,9.25131171976
2355,1.74109112197,9.2255044139
2356,1.73847570566,9.1997770132
2357,1.73589703519,9.17390431215
2358,1.73336424751,9.14797760567
2359,1.73092079734,9.12215798664
2360,1.72853314302,9.09636358706
2361,1.72615771588,9.07047712095
2362,1.72387335381,9.04452694761
2363,1.72171132003,9.01869724507
2364,1.71961319565,8.99287641707
2365,1.71749810445,8.96694540466
2366,1.71537408162,8.94096324917
2367,1.71327027203,8.91511218065
2368,1.71117045313,8.8893026259
2369,1.70903678743,8.86335633674
2370,1.70683457638,8.83737233818
2371,1.70465286607,8.81152959342
2372,1.70244748975,8.78569908067
2373,1.70015798587,8.75976435314
2374,1.69780100417,8.73379220448
2375,1.69542051228,8.70795392908
2376,1.69299685457,8.68216810609
2377,1.69054315364,8.65626402529
2378,1.68809279971,8.63032493661
2379,1.68571594249,8.60451128739
2380,1.68336255984,8.57870359312
2381,1.68097004815,8.55278822801
2382,1.67855409075,8.52683597162
2383,1.67615586799,8.50101392916
2384,1.67374779164,8.4752150459
2385,1.67127646725,8.4492851826
2386,1.66867685201,8.42332126493
2387,1.66599896218,8.39750144602
2388,1.6632559218,8.37173542943
2389,1.66042948447,8.34584846266
2390,1.65753657805,8.31995275929
2391,1.65463695563,8.29416265107
2392,1.65171344574,8.26842193376
2393,1.64874946009,8.24256566209
2394,1.6457859072,8.21669722006
2395,1.6428825781,8.19092404651
2396,1.64001202996,8.16519802834
2397,1.63714561948,8.13933439355
2398,1.63428018331,8.11345185338
2399,1.63148686423,8.08768327394
2400,1.62878225415,8.06193583551
2401,1.62611645865,8.03605264041
2402,1.62352793099,8.0106029645
2403,1.62096948578,7.9852579214
2404,1.61831351635,7.95948853817
2405,1.61558823372,7.9335900568
2406,1.61279370607,7.90767557126
2407,1.61000611066,7.88188265069
2408,1.60718275057,7.85613117467
2409,1.60432015628,7.83026442597
2410,1.60145056269,7.8043762397
2411,1.59860645712,7.77859488541
2412,1.5957658202,7.75285704176
2413,1.59291669172,7.72698959237
2414,1.59005722242,7.70109974026
2415,1.58722179161,7.67532076441
2416,1.58437766657,7.64956916052
2417,1.58148160035,7.62369028354
2418,1.57850626609,7.59779626058
2419,1.57548403824,7.57201768175
2420,1.57239852695,7.54628982213
2421,1.56923430037,7.52044338901
2422,1.56602158464,7.49460102491
2423,1.56279226645,7.46884413782
2424,1.5595342858,7.4431599282
2425,1.55619725508,7.41731996899
2426,1.55276502132,7.39147944087
2427,1.54935431386,7.36574609467
2428,1.54595209998,7.34008517382
2429,1.54254419989,7.31428924693
2430,1.5391257724,7.28846174432
2431,1.53563891139,7.26272022
2432,1.53225389916,7.23815741565
2433,1.52880682301,7.21366535405
2434,1.52519453362,7.18825921312
2435,1.52166552958,7.16256684195
2436,1.51827059177,7.1369085563
2437,1.51495878284,7.1111327944
2438,1.5117695135,7.08530549546
2439,1.50873614358,7.05956527326
2440,1.50581953831,7.03384710955
2441,1.50297726116,7.00800634854
2442,1.50023358282,6.98211003543
2443,1.49763470082,6.95633766838
2444,1.49514518352,6.93057219942
2445,1.4927344391,6.90468128959
2446,1.49039906992,6.87873098186
2447,1.48817926867,6.85292839126
2448,1.48605286316,6.82711617296
2449,1.48400763681,6.80119240396
2450,1.48204182041,6.77520323873
2451,1.48018698091,6.74937647679
2452,1.47841208608,6.723530084
2453,1.47670813612,6.69757574996
2454,1.47506604031,6.67155601193
2455,1.47352202944,6.64569353398
2456,1.47206042862,6.6198281403
2457,1.47067844524,6.5938571848
2458,1.46937462791,6.56781191995
2459,1.46816112491,6.54192920995
2460,1.46700252289,6.51603541967
2461,1.46588161306,6.4900398738
2462,1.4647986537,6.46398158633
2463,1.463785521,6.43809586198
2464,1.46283058433,6.41219612127
2465,1.4619262828,6.38619188804
2466,1.4610600518,6.36012430592
2467,1.46025290997,6.33424019027
2468,1.45950402446,6.30833179214
2469,1.45880788362,6.28232141373
2470,1.45816755151,6.25625096923
2471,1.45760182549,6.23033695527
2472,1.45707907803,6.20441706096
2473,1.45659883836,6.17839843163
2474,1.45615282773,6.15231854943
2475,1.45573818488,6.1264006888
2476,1.4553557782,6.10047556474
2477,1.45501107776,6.07445243947
2478,1.45465037406,6.04833334783
2479,1.45420427044,6.0223813328
2480,1.45366829336,5.99643304008
2481,1.45305045232,5.9703876808
2482,1.45234870316,5.94428509312
2483,1.45159470488,5.91835844906
2484,1.45078352004,5.8924230471
2485,1.44993113288,5.86639482152
2486,1.44903484957,5.8403131569
2487,1.44813131878,5.81440226874
2488,1.44720150428,5.78847286447
2489,1.44624009278,5.762446746
2490,1.44523909412,5.7363739998
2491,1.44424536609,5.71045736318
2492,1.44322278955,5.68453028099
2493,1.44217980982,5.65851369432
2494,1.44112287406,5.63244540597
2495,1.44007883653,5.60655235178
2496,1.43902690323,5.58062919417
2497,1.43796903228,5.55461330558
2498,1.43690149434,5.52854699131
2499,1.43584930085,5.50265400729
2500,1.43478946086,5.47673015362
2501,1.43372355032,5.45071347454
2502,1.43264819305,5.42464796021
2503,1.43158809307,5.39875704782
2504,1.43052775436,5.37283612064
2505,1.42947978996,5.34682038397
2506,1.42844703204,5.32076379698
2507,1.42746941389,5.29488033713
2508,1.42651599766,5.26895473005
2509,1.42557225498,5.24293318565
2510,1.42463750785,5.21687191783
2511,1.42375513524,5.19098991915
2512,1.42290235931,5.16506183717
2513,1.42205258902,5.13902850114
2514,1.42117001261,5.11295498687
2515,1.42029990532,5.0870617206
2516,1.41941631503,5.06112320061
2517,1.41851455454,5.03509537322
2518,1.41760148453,5.00902524916
2519,1.41670065417,4.98313563102
2520,1.41579362063,4.95719973751
2521,1.41488640934,4.93117398445
2522,1.4139881786,4.9051101049
2523,1.41310387796,4.87920270631
2524,1.41215580413,4.85325446424
2525,1.41112290927,4.82721023254
2526,1.4100119809,4.80112725727
2527,1.40885179603,4.77524862265
2528,1.40763269254,4.7493168246
2529,1.40636246853,4.72329085211
2530,1.40504611016,4.69723438582
2531,1.4037209295,4.67136464876
2532,1.40235760234,4.64544372407
2533,1.40096352275,4.61942925072
2534,1.39954631634,4.59338841985
2535,1.3981435723,4.56753136535
2536,1.39672271605,4.54161689017
2537,1.39529246898,4.51560756496
2538,1.39385561871,4.48957284865
2539,1.39245904365,4.46377690096
2540,1.39108821088,4.43786550909
2541,1.38973371694,4.41185617714
2542,1.38841050028,4.38582301488
2543,1.38714113478,4.35995487579
2544,1.38587459947,4.33403340182
2545,1.38462113206,4.30801689302
2546,1.38339213651,4.28197856075
2547,1.38222496043,4.2561249371
2548,1.38108256144,4.23019723172
2549,1.37993925345,4.20416686529
2550,1.3787663125,4.17810803645
2551,1.37758234899,4.15222596188
2552,1.3763595566,4.12629433047
2553,1.37511995763,4.10026542802
2554,1.3738549067,4.07421911335
2555,1.37260790971,4.04835292897
2556,1.371343455,4.02242332732
2557,1.37007399158,3.99640183939
2558,1.3688071089,3.97036235747
2559,1.36757388197,3.94450781625
2560,1.36634967843,3.91858113713
2561,1.36514823382,3.89255927818
2562,1.36398001393,3.86652360342
2563,1.36288463572,3.84067077076
2564,1.36179658356,3.81472684083
2565,1.36067797887,3.78869736016
2566,1.35956320346,3.76264173617
2567,1.35842182528,3.7367575882
2568,1.35726445531,3.71214775894
2569,1.35601213028,3.68741749813
2570,1.35466257381,3.66265395318
2571,1.35320706537,3.63768790996
2572,1.35162671478,3.61180299026
2573,1.35003566011,3.58580836685
2574,1.348440725,3.55977487659
2575,1.34687040422,3.53394137952
2576,1.34534692407,3.50807752885
2577,1.34395171221,3.48210112693
2578,1.34269666742,3.45606970186
2579,1.34162619928,3.43023270955
2580,1.340706715,3.40434307645
2581,1.33991830768,3.37833785531
2582,1.33924801654,3.35228182125
2583,1.33871501304,3.32641144375
2584,1.33828393974,3.3004919241
2585,1.33794176251,3.27446583684
2586,1.33768085919,3.24840375343
2587,1.33750538316,3.22250910046
2588,1.33739143695,3.19657050484
2589,1.33733643501,3.17053856194
2590,1.33737652978,3.14448758037
2591,1.33753651303,3.11860311765
2592,1.33779938344,3.09267776852
2593,1.33813764062,3.066644956
2594,1.3385329542,3.04058574605
2595,1.33899864589,3.01475160045
2596,1.33950525241,2.9888169029
2597,1.34008691616,2.96280159517
2598,1.34079376696,2.9367579772
2599,1.34156753384,2.91157226674
2600,1.34238435953,2.88642598572
2601,1.34331954573,2.86042739842
2602,1.34435819472,2.83439380221
2603,1.34547376806,2.8085392248
2604,1.34668569625,2.78264919742
2605,1.34799209197,2.75666200573
2606,1.349390771,2.73066163593
2607,1.35084282932,2.70478514982
2608,1.35237701076,2.67892785806
2609,1.35410334907,2.6529970322
2610,1.35600973166,2.62705710968
2611,1.35801822818,2.6012393021
2612,1.36011832743,2.5753949709
2613,1.36228678456,2.54946511794
2614,1.36450854733,2.52350175859
2615,1.3667086379,2.49766309444
2616,1.3689211936,2.47180929199
2617,1.37116103777,2.44587926675
2618,1.37344806097,2.41995408202
2619,1.37574832478,2.39413150869
2620,1.37809299015,2.36829840963
2621,1.38047940572,2.34237892229
2622,1.38287576272,2.31646524784
2623,1.38524756346,2.29063987173
2624,1.38762594186,2.26480081081
2625,1.3900191773,2.23887552149
2626,1.39241361398,2.21296267143
2627,1.39477840107,2.18713828102
2628,1.39713838651,2.16129138007
2629,1.39952131004,2.1353761258
2630,1.40197526061,2.1094772029
2631,1.4044671793,2.08367665637
2632,1.40688538621,2.05899351581
2633,1.40934372316,2.03383481497
2634,1.4119087248,2.00793983598
2635,1.41449827269,1.98212495117
2636,1.41712406215,1.95632796145
2637,1.41978951981,1.93044266849
2638,1.42247896969,1.90455370353
2639,1.42514654093,1.87873704688
2640,1.42768487231,1.85403202921
2641,1.43032933555,1.8285187514
2642,1.43312083981,1.80339838798
2643,1.43612178645,1.77806684032
2644,1.43918920456,1.75353695838
2645,1.44242449112,1.72873798953
2646,1.4459192805,1.70347511649
2647,1.44964814565,1.67895656964
2648,1.45371303815,1.65467583883
2649,1.45839344385,1.62931905396
2650,1.4635347352,1.60399827122
2651,1.46906506165,1.57869172146
2652,1.47494494957,1.55343436788
2653,1.48096887293,1.52922438221
2654,1.48749338986,1.50472552988
2655,1.49437699022,1.48037544779
2656,1.50195676248,1.45559567783
2657,1.51001481353,1.43110512205
2658,1.51855540819,1.40682316325
2659,1.52763797984,1.3826697822
2660,1.53735374535,1.35868006623
2661,1.54764753353,1.33498316744
2662,1.55840393338,1.31166941421
2663,1.56968278665,1.28839746505
2664,1.58136209732,1.26527770338
2665,1.59325811258,1.24272810948
2666,1.60575754204,1.22029489738
2667,1.61882503592,1.19809647427
2668,1.63248337407,1.17632357417
2669,1.64677478532,1.15488140994
2670,1.66171853683,1.13384609619
2671,1.67722414093,1.11345183704
2672,1.69335618791,1.09352624372
2673,1.7101762845,1.07404153435
2674,1.72765406211,1.05502273686
2675,1.7456295619,1.03662569465
2676,1.76408698712,1.01884140677
2677,1.78314441224,1.00146494005
2678,1.80258741829,0.98458549376
2679,1.82249628532,0.968128656488
2680,1.84278369187,0.952091777735
2681,1.86339784767,0.93665099839
2682,1.88436644155,0.921772799319
2683,1.90577004535,0.907310851054
2684,1.92754922653,0.893283991979
2685,1.94953221474,0.879846877487
2686,1.97178476632,0.866915783482
2687,1.99439488998,0.854385083393
2688,2.01732790307,0.842259632537
2689,2.04038398307,0.830634256011
2690,2.06359010491,0.819527709137
2691,2.08713140182,0.808935139248
2692,2.11091375324,0.798901710866
2693,2.13492011774,0.789404349419
2694,2.15908463938,0.780456235859
2695,2.183480652,0.772012700832
2696,2.20802779603,0.764083537243
2697,2.23278191797,0.756586891478
2698,2.25771051695,0.749545058331
2699,2.28266572635,0.742999589548
2700,2.30769540271,0.736903600124
2701,2.33295388999,0.731193249641
2702,2.35839088939,0.725845005579
2703,2.38374854874,0.720910391594
2704,2.40915281493,0.716344563974
2705,2.43472869487,0.712094209171
2706,2.4604504237,0.708138300966
2707,2.48605686174,0.704528903192
2708,2.51167395788,0.701232019955
2709,2.53744087808,0.698214618598
2710,2.56331780179,0.695454954363
2711,2.58857446149,0.693030996344
2712,2.61305041283,0.690911035872
2713,2.63864956891,0.68894909489
2714,2.66458648839,0.687194510619
2715,2.69046868382,0.685629077902
2716,2.7163092346,0.684236645448
2717,2.74223735737,0.683046383637
2718,2.76794657901,0.682140804102
2719,2.79268687557,0.681518992878
2720,2.81804469036,0.681061471485
2721,2.84400408248,0.680789638503
2722,2.86993897619,0.680642176164
2723,2.89591580329,0.680576663491
2724,2.92186027847,0.680598780385
2725,2.94784039447,0.680699851919
2726,2.97375519597,0.680888976154
2727,2.99972692156,0.681172079942
2728,3.02566750672,0.681579716362
2729,3.05163505916,0.682150937937
2730,3.07760892671,0.682753728489
2731,3.10361769734,0.683309450014
2732,3.12947918821,0.683824381198
2733,3.15546334762,0.68431207573
2734,3.18143678671,0.684881431944
2735,3.2074190571,0.685500252699
2736,3.23306924625,0.686130539585
2737,3.25908957691,0.686674524663
2738,3.28513028797,0.687127861799
2739,3.3111572292,0.687461581533
2740,3.33704650675,0.687728407427
2741,3.36307803273,0.687904192513
2742,3.38860444863,0.688008982395
2743,3.41331034253,0.68803994255
2744,3.43867007074,0.688049316232
2745,3.46465292977,0.688108031977
2746,3.49068048209,0.688194272291
2747,3.51670030196,0.688202232007
2748,3.54259823788,0.68814463812
2749,3.56862572556,0.688002533986
2750,3.5946869758,0.687782844622
2751,3.6196832151,0.687494208677
2752,3.64509623899,0.687196802323
2753,3.67108908678,0.686934159023
2754,3.69710910121,0.686642844118
2755,3.72311422881,0.686295204185
2756,3.74908127799,0.685895450432
2757,3.77508489593,0.6854570336
2758,3.80109058106,0.68499280726
2759,3.82707069776,0.684478696026
2760,3.85302123809,0.683934050271
2761,3.8790259342,0.683351133479
2762,3.90502991251,0.682744135831
2763,3.93100244827,0.682108948407
2764,3.95694822094,0.681449443086
2765,3.98294403221,0.680772114639
2766,4.00894434901,0.68009724734
2767,4.03491760361,0.679397901042
2768,4.06086240587,0.678680664256
2769,4.08685616332,0.677965273766
2770,4.11285607685,0.677248098726
2771,4.13881833634,0.67650577628
2772,4.16475764623,0.675755025603
2773,4.19075065854,0.67500881519
2774,4.21674299196,0.674278689068
2775,4.24270325475,0.673563071419
2776,4.26863738161,0.67286078195
2777,4.29463265042,0.672163641963
2778,4.32062408929,0.671473256468
2779,4.34657399548,0.670787851666
2780,4.37250022596,0.670152072133
2781,4.39849006044,0.669556236691
2782,4.42447133521,0.669001228148
2783,4.45044846254,0.668446481688
2784,4.47639125348,0.667901703224
2785,4.50239133677,0.667362481138
2786,4.5283724728,0.666830260981
2787,4.55435578528,0.66627851152
2788,4.58030397984,0.66572530747
2789,4.60629652319,0.665202572641
2790,4.63227399563,0.66472325764
2791,4.65825680833,0.664240121239
2792,4.68420090717,0.663782110597
2793,4.71019589698,0.663362348474
2794,4.73616306713,0.662983751242
2795,4.76215709523,0.662598357544
2796,4.78811247074,0.662207829274
2797,4.81411688137,0.661823215167
2798,4.84008688978,0.661445549838
2799,4.86607729477,0.661056893559
2800,4.89202593813,0.660690825488
2801,4.91802276479,0.660363041456
2802,4.94398020778,0.660078479905
2803,4.96997889949,0.659783476625
2804,4.99593736007,0.659483797589
2805,5.02194393174,0.659190539324
2806,5.04790931103,0.658903898135
2807,5.07390989415,0.658595468395
2808,5.09986726173,0.658288744718
2809,5.12587091973,0.658007688526
2810,5.15183342384,0.657746355584
2811,5.17782596893,0.657486948144
2812,5.20377505775,0.657262985893
2813,5.22977897191,0.657076020176
2814,5.25575638471,0.656899961672
2815,5.28175835167,0.656702037618
2816,5.30771943187,0.656499935528
2817,5.33372836188,0.656305010429
2818,5.35970457715,0.65611660288
2819,5.3857062768,0.655907524779
2820,5.41166658845,0.655693930899
2821,5.4376763103,0.655487811877
2822,5.46363470741,0.655297048972
2823,5.48962998192,0.655117124901
2824,5.51558538627,0.654957404365
2825,5.54158889763,0.654829664262
2826,5.56757782222,0.654734179569
2827,5.59358141396,0.65461779358
2828,5.61954408976,0.654498783286
2829,5.64555490852,0.654387629588
2830,5.67153707859,0.654283608772
2831,5.69753982058,0.654157480112
2832,5.7235018418,0.654028317774
2833,5.74951207276,0.653910648318
2834,5.77549573213,0.65380807668
2835,5.80149888855,0.653683830796
2836,5.82746078429,0.653556454063
2837,5.85347164442,0.653440888636
2838,5.879411516,0.653347334075
2839,5.9054138878,0.653251855791
2840,5.93137659461,0.653151978076
2841,5.95738915414,0.65306071458
2842,5.98337217422,0.652974886227
2843,6.00937656197,0.652870887167
2844,6.03533812298,0.652762760436
2845,6.06135079663,0.652665061212
2846,6.08728195328,0.652584004292
2847,6.1132770526,0.652514052547
2848,6.13923332543,0.652468889224
2849,6.16524455998,0.652446886423
2850,6.19124138469,0.652430623082
2851,6.21724193531,0.652396836703
2852,6.24319417748,0.652366506602
2853,6.26920703375,0.652343685593
2854,6.29520310506,0.652326500199
2855,6.32120368304,0.652292030412
2856,6.34715618096,0.652260374106
2857,6.37316960702,0.652236625859
2858,6.39916496474,0.652218291243
2859,6.42516554925,0.652183016606
2860,6.45111828863,0.652149889571
2861,6.47713236713,0.652125037787
2862,6.50312698332,0.652105434099
2863,6.52912761787,0.652069238272
2864,6.55508076189,0.652034407336
2865,6.58109538952,0.652008283136
2866,6.60708911406,0.651987242159
2867,6.63308966927,0.651949994245
2868,6.65904317368,0.6519132789
2869,6.6850583819,0.65188564724
2870,6.71105127255,0.651862915065
2871,6.73705203846,0.65182430975
2872,6.76300603114,0.651785468962
2873,6.78902175839,0.651756096644
2874,6.81501370343,0.651731392766
2875,6.84101462921,0.651691144044
2876,6.86696911622,0.651649904661
2877,6.89296759933,0.651650514779
2878,6.91891346844,0.651745488292
2879,6.94490047803,0.651904228661
2880,6.97084445596,0.652142515465
2881,6.99683998769,0.652466486923
2882,7.02280697893,0.652852144181
2883,7.04879636234,0.653284977203
2884,7.07470365921,0.653763118192
2885,7.10069186695,0.654300170887
2886,7.12667407336,0.654891893139
2887,7.15266899367,0.655495651179
2888,7.17855837224,0.656142201099
2889,7.20455758434,0.656806924131
2890,7.23053392362,0.657477490114
2891,7.2565395481,0.658125408314
2892,7.28246302004,0.658791799214
2893,7.30846217598,0.659498133984
2894,7.33445077178,0.660175869583
2895,7.36046313984,0.660795113998
2896,7.38639184322,0.661388481764
2897,7.4124097126,0.661961275297
2898,7.43840866947,0.662506016874
2899,7.46441874742,0.662987768496
2900,7.49035113309,0.663452862572
2901,7.51636942315,0.663919842979
2902,7.54237425492,0.664359388281
2903,7.56838152996,0.664733657311
2904,7.59431477309,0.665075234201
2905,7.62034150588,0.665392424654
2906,7.64635790343,0.665685855871
2907,7.67235808516,0.665913001558
2908,7.69829022743,0.666109907681
2909,7.72432926103,0.666264638478
2910,7.75033005919,0.666383668516
2911,7.77631727296,0.666463656522
2912,7.80225630517,0.666537323019
2913,7.82828966122,0.666601078084
2914,7.85429588281,0.666643806862
2915,7.88027831947,0.66664056301
2916,7.90622233878,0.666617595758
2917,7.9322583458,0.666579118982
2918,7.95827075263,0.666521127315
2919,7.98427839433,0.666429412422
2920,8.01023786282,0.66633851664
2921,8.03626040571,0.666255808578
2922,8.06224601279,0.666171726797
2923,8.08824406182,0.666063299292
2924,8.11420305206,0.665947717994
2925,8.14022559148,0.665836012282
2926,8.16619230729,0.665734812008
2927,8.19219477487,0.665616343831
2928,8.21815350339,0.66549954065
2929,8.24417588067,0.66539631061
2930,8.27015193402,0.665293230674
2931,8.2961430317,0.665168575203
2932,8.3221016472,0.665037772958
2933,8.34812462933,0.664915486906
2934,8.37410434046,0.664790066984
2935,8.40010660055,0.664638057652
2936,8.42606790294,0.664476407886
2937,8.45209174972,0.664318818553
2938,8.47807293166,0.664156404728
2939,8.50407418462,0.663961815725
2940,8.53003732871,0.663751519313
2941,8.5560632155,0.663538024246
2942,8.58202189739,0.663315847029
2943,8.60801731619,0.663072979918
